Order_ID,Order_Date,Ship_Date,Customer_ID,Customer_Name,Segment,Product_ID,Product_Name,Category,Subcategory,Province,Region_Group,City,Channel,Payment_Method,Ship_Mode,Quantity,Unit_Price_USD,Discount,Gross_Sales_USD,Discount_Amount_USD,Net_Sales_USD,Unit_Cost_USD,Total_Cost_USD,Profit_USD,Profit_Margin,Delivery_Days,Return_Status
ORD100001,2024-03-12,2024-03-15,C0137,Sibusiso Nkosi,Consumer,P1030,Dinner Set 16 Piece,Home & Kitchen,Dining,KwaZulu-Natal,Coastal,Pinetown,Retail Store,Cash,Standard,5,43.63,0.0,218.15,0.0,218.15,25.46,127.3,90.85,0.4165,3,Not Returned
ORD100002,2025-06-16,2025-06-18,C0497,Lerato Gumede,Corporate,P1026,Kettle Stainless Steel,Home & Kitchen,Small Appliances,Western Cape,Coastal,Bellville,Retail Store,Cash,Standard,1,24.4,0.1,24.4,2.44,21.96,14.57,14.57,7.39,0.3365,2,Not Returned
ORD100003,2023-06-22,2023-06-23,C0144,Precious Moyo,Corporate,P1031,Corporate Shirt,Apparel,Workwear,KwaZulu-Natal,Coastal,Pinetown,Online,Mobile Money,Standard,5,15.55,0.0,77.75,0.0,77.75,7.15,35.75,42.0,0.5402,1,Not Returned
ORD100004,2024-07-20,2024-07-22,C0096,Rumbidzai Mabena,Corporate,P1015,Desk Organiser,Office Supplies,Desk Accessories,Eastern Cape,Coastal,Gqeberha,Corporate Account,Mobile Money,Standard,2,10.96,0.0,21.92,0.0,21.92,7.27,14.54,7.38,0.3367,2,Returned
ORD100005,2023-08-19,2023-08-23,C0075,Zanele Gumede,Small Business,P1007,USB-C Dock,Technology,Accessories,KwaZulu-Natal,Coastal,Umhlanga,Corporate Account,Card,Standard,1,80.37,0.0,80.37,0.0,80.37,50.95,50.95,29.42,0.3661,4,Returned
ORD100006,2024-12-16,2024-12-21,C0356,Nomsa Mathebula,Consumer,P1010,A4 Copy Paper Box,Office Supplies,Paper & Stationery,North West,Inland,Klerksdorp,Retail Store,Mobile Money,Standard,1,28.84,0.0,28.84,0.0,28.84,15.24,15.24,13.6,0.4716,5,Not Returned
ORD100007,2023-07-06,2023-07-10,C0003,Nokuthula Mathebula,Corporate,P1019,Ergonomic Chair,Furniture,Chairs,KwaZulu-Natal,Coastal,Pinetown,Online,Card,Express,1,139.77,0.1,139.77,13.98,125.79,93.89,93.89,31.9,0.2536,4,Not Returned
ORD100008,2025-04-30,2025-05-03,C0494,Tendai Mabena,Corporate,P1016,Stapler Heavy Duty,Office Supplies,Desk Accessories,Free State,Inland,Bloemfontein,Retail Store,Card,Standard,1,8.71,0.15,8.71,1.31,7.4,4.5,4.5,2.9,0.3919,3,Not Returned
ORD100009,2023-06-11,2023-06-13,C0189,Nandi Patel,Small Business,P1018,Whiteboard Marker Set,Office Supplies,Presentation,Eastern Cape,Coastal,East London,Online,EFT,Express,4,8.1,0.0,32.4,0.0,32.4,3.69,14.76,17.64,0.5444,2,Not Returned
ORD100010,2023-05-16,2023-05-18,C0117,Nokuthula Williams,Corporate,P1024,Reception Chair,Furniture,Chairs,Western Cape,Coastal,George,Online,Card,Collection,4,58.76,0.15,235.04,35.26,199.78,37.27,149.08,50.7,0.2538,2,Not Returned
ORD100011,2023-08-26,2023-08-28,C0312,Tendai Naidoo,Corporate,P1003,Business Laptop 15,Technology,Laptops,Free State,Inland,Welkom,Corporate Account,Cash,Standard,1,594.84,0.05,594.84,29.74,565.1,413.95,413.95,151.15,0.2675,2,Not Returned
ORD100012,2023-10-09,2023-10-11,C0194,Tendai Chuma,Consumer,P1013,Printer Toner Black,Office Supplies,Printing,Gauteng,Inland,Pretoria,Retail Store,Cash,Express,5,59.75,0.05,298.75,14.94,283.81,42.45,212.25,71.56,0.2521,2,Not Returned
ORD100013,2023-12-08,2023-12-10,C0305,Farai Maseko,Consumer,P1027,Toaster 4 Slice,Home & Kitchen,Small Appliances,Eastern Cape,Coastal,East London,Retail Store,Card,Collection,4,36.46,0.0,145.84,0.0,145.84,23.56,94.24,51.6,0.3538,2,Not Returned
ORD100014,2024-11-17,2024-11-22,C0455,Thabo Williams,Consumer,P1014,Ink Cartridge Colour,Office Supplies,Printing,Free State,Inland,Bloemfontein,Retail Store,EFT,Standard,4,31.61,0.0,126.44,0.0,126.44,19.57,78.28,48.16,0.3809,5,Returned
ORD100015,2025-07-21,2025-07-24,C0470,Brian Gumede,Corporate,P1032,Safety Shoes,Apparel,Footwear,Western Cape,Coastal,Bellville,Online,Card,Collection,1,45.89,0.0,45.89,0.0,45.89,28.05,28.05,17.84,0.3888,3,Not Returned
ORD100016,2023-08-25,2023-08-26,C0409,Kudzai Nkosi,Corporate,P1028,Air Fryer 5L,Home & Kitchen,Appliances,Gauteng,Inland,Midrand,Corporate Account,Card,Standard,1,116.72,0.1,116.72,11.67,105.05,70.38,70.38,34.67,0.33,1,Returned
ORD100017,2025-02-23,2025-03-01,C0055,Tariro Naidoo,Consumer,P1027,Toaster 4 Slice,Home & Kitchen,Small Appliances,Western Cape,Coastal,Bellville,Online,Cash,Express,2,38.82,0.05,77.64,3.88,73.76,22.41,44.82,28.94,0.3924,6,Not Returned
ORD100018,2025-05-08,2025-05-12,C0396,Lerato Nkosi,Small Business,P1032,Safety Shoes,Apparel,Footwear,Eastern Cape,Coastal,Mthatha,Online,Cash,Express,3,54.11,0.0,162.33,0.0,162.33,26.01,78.03,84.3,0.5193,4,Not Returned
ORD100019,2023-09-02,2023-09-03,C0384,Tendai Mabena,Consumer,P1032,Safety Shoes,Apparel,Footwear,KwaZulu-Natal,Coastal,Durban,Corporate Account,Mobile Money,Same Day,1,45.24,0.0,45.24,0.0,45.24,26.68,26.68,18.56,0.4103,1,Not Returned
ORD100020,2023-05-22,2023-05-25,C0429,Kabelo Chuma,Consumer,P1020,Office Desk 1200mm,Furniture,Desks,Gauteng,Inland,Soweto,Online,Card,Standard,3,182.94,0.05,548.82,27.44,521.38,121.29,363.87,157.51,0.3021,3,Not Returned
ORD100021,2025-11-20,2025-11-22,C0063,Nokuthula Naidoo,Consumer,P1013,Printer Toner Black,Office Supplies,Printing,Eastern Cape,Coastal,East London,Call Centre,Mobile Money,Collection,1,61.85,0.1,61.85,6.19,55.66,43.12,43.12,12.54,0.2253,2,Not Returned
ORD100022,2023-12-04,2023-12-09,C0256,Kabelo Patel,Consumer,P1027,Toaster 4 Slice,Home & Kitchen,Small Appliances,Mpumalanga,Inland,Middelburg,Corporate Account,Cash,Same Day,3,38.59,0.0,115.77,0.0,115.77,23.29,69.87,45.9,0.3965,5,Not Returned
ORD100023,2023-01-03,2023-01-09,C0314,Nokuthula Mabena,Consumer,P1023,Bookshelf 5 Tier,Furniture,Storage,Gauteng,Inland,Johannesburg,Online,Card,Same Day,1,81.42,0.0,81.42,0.0,81.42,53.29,53.29,28.13,0.3455,6,Not Returned
ORD100024,2025-05-09,2025-05-12,C0284,Mpho Dube,Small Business,P1017,Lever Arch File Pack,Office Supplies,Filing,Western Cape,Coastal,Stellenbosch,Online,Mobile Money,Collection,5,6.73,0.0,33.65,0.0,33.65,4.06,20.3,13.35,0.3967,3,Not Returned
ORD100025,2025-11-30,2025-12-02,C0327,Lerato Mabena,Consumer,P1025,Microwave 30L,Home & Kitchen,Appliances,Northern Cape,Inland,Upington,Corporate Account,EFT,Standard,1,94.08,0.0,94.08,0.0,94.08,65.03,65.03,29.05,0.3088,2,Not Returned
ORD100026,2024-06-26,2024-06-30,C0357,Mpho Mahlangu,Small Business,P1034,Laptop Backpack,Apparel,Bags,Western Cape,Coastal,Stellenbosch,Online,Card,Collection,2,29.97,0.0,59.94,0.0,59.94,15.86,31.72,28.22,0.4708,4,Not Returned
ORD100027,2024-10-30,2024-11-02,C0300,Chipo Khumalo,Corporate,P1016,Stapler Heavy Duty,Office Supplies,Desk Accessories,North West,Inland,Klerksdorp,Online,Cash,Express,1,9.03,0.0,9.03,0.0,9.03,4.94,4.94,4.09,0.4529,3,Returned
ORD100028,2024-12-29,2024-12-31,C0131,Thabo Khumalo,Consumer,P1013,Printer Toner Black,Office Supplies,Printing,Western Cape,Coastal,Stellenbosch,Online,Cash,Standard,10,62.76,0.05,627.6,31.38,596.22,43.26,432.6,163.62,0.2744,2,Not Returned
ORD100029,2025-08-06,2025-08-16,C0259,Nokuthula Williams,Small Business,P1011,Premium Notebook,Office Supplies,Paper & Stationery,Mpumalanga,Inland,Mbombela,Retail Store,Cash,Express,2,5.34,0.0,10.68,0.0,10.68,2.58,5.16,5.52,0.5169,10,Not Returned
ORD100030,2023-11-19,2023-11-24,C0449,Kudzai Ndlovu,Corporate,P1024,Reception Chair,Furniture,Chairs,Eastern Cape,Coastal,Mthatha,Online,EFT,Express,1,62.89,0.05,62.89,3.14,59.75,38.0,38.0,21.75,0.364,5,Not Returned
ORD100031,2024-06-16,2024-06-18,C0275,Thabo Mathebula,Small Business,P1018,Whiteboard Marker Set,Office Supplies,Presentation,Gauteng,Inland,Johannesburg,Corporate Account,EFT,Express,5,7.52,0.0,37.6,0.0,37.6,3.91,19.55,18.05,0.4801,2,Not Returned
ORD100032,2023-07-13,2023-07-17,C0131,Thabo Khumalo,Consumer,P1022,Filing Cabinet 4 Drawer,Furniture,Storage,Western Cape,Coastal,Stellenbosch,Online,Cash,Same Day,2,109.06,0.0,218.12,0.0,218.12,67.99,135.98,82.14,0.3766,4,Not Returned
ORD100033,2024-12-17,2024-12-21,C0094,Brian Sibanda,Consumer,P1008,External SSD 1TB,Technology,Storage,Western Cape,Coastal,Stellenbosch,Online,EFT,Collection,1,70.86,0.15,70.86,10.63,60.23,50.98,50.98,9.25,0.1536,4,Not Returned
ORD100034,2023-06-26,2023-06-28,C0046,Nandi Mathebula,Consumer,P1016,Stapler Heavy Duty,Office Supplies,Desk Accessories,Gauteng,Inland,Soweto,Online,Mobile Money,Collection,2,8.81,0.05,17.62,0.88,16.74,4.6,9.2,7.54,0.4504,2,Not Returned
ORD100035,2023-12-07,2023-12-12,C0116,Brian Mokoena,Small Business,P1008,External SSD 1TB,Technology,Storage,Gauteng,Inland,Pretoria,Corporate Account,Card,Standard,2,67.77,0.0,135.54,0.0,135.54,48.35,96.7,38.84,0.2866,5,Not Returned
ORD100036,2023-07-24,2023-07-30,C0428,Thabo Maseko,Consumer,P1020,Office Desk 1200mm,Furniture,Desks,Western Cape,Coastal,Bellville,Online,EFT,Express,3,172.67,0.0,518.01,0.0,518.01,135.14,405.42,112.59,0.2174,6,Not Returned
ORD100037,2024-08-27,2024-09-01,C0432,Thabo Chuma,Small Business,P1032,Safety Shoes,Apparel,Footwear,Gauteng,Inland,Midrand,Online,Card,Standard,4,45.68,0.05,182.72,9.14,173.58,27.37,109.48,64.1,0.3693,5,Not Returned
ORD100038,2025-12-12,2025-12-14,C0359,Zanele Khumalo,Corporate,P1033,Reflective Jacket,Apparel,Workwear,KwaZulu-Natal,Coastal,Pinetown,Call Centre,Cash,Standard,1,20.27,0.0,20.27,0.0,20.27,11.37,11.37,8.9,0.4391,2,Not Returned
ORD100039,2025-09-19,2025-09-21,C0115,Nokuthula Gumede,Consumer,P1009,HDMI Cable,Technology,Accessories,Free State,Inland,Sasolburg,Online,Card,Express,2,6.67,0.05,13.34,0.67,12.67,3.06,6.12,6.55,0.517,2,Not Returned
ORD100040,2023-03-02,2023-03-04,C0245,Precious Khumalo,Consumer,P1026,Kettle Stainless Steel,Home & Kitchen,Small Appliances,Eastern Cape,Coastal,East London,Call Centre,EFT,Express,3,22.92,0.05,68.76,3.44,65.32,13.37,40.11,25.21,0.3859,2,Returned
ORD100041,2024-04-21,2024-04-25,C0013,Farai Ndlovu,Consumer,P1028,Air Fryer 5L,Home & Kitchen,Appliances,Gauteng,Inland,Soweto,Online,Cash,Collection,4,114.38,0.0,457.52,0.0,457.52,78.54,314.16,143.36,0.3133,4,Not Returned
ORD100042,2023-04-25,2023-04-28,C0307,Lerato Mathebula,Consumer,P1020,Office Desk 1200mm,Furniture,Desks,Gauteng,Inland,Soweto,Call Centre,Card,Collection,1,198.96,0.05,198.96,9.95,189.01,127.76,127.76,61.25,0.3241,3,Not Returned
ORD100043,2025-11-30,2025-12-05,C0239,Thabo Nkosi,Consumer,P1028,Air Fryer 5L,Home & Kitchen,Appliances,Gauteng,Inland,Soweto,Retail Store,Card,Express,2,107.27,0.0,214.54,0.0,214.54,80.94,161.88,52.66,0.2455,5,Not Returned
ORD100044,2023-10-19,2023-10-24,C0325,Kabelo Ndlovu,Corporate,P1030,Dinner Set 16 Piece,Home & Kitchen,Dining,Gauteng,Inland,Soweto,Corporate Account,EFT,Standard,1,42.11,0.0,42.11,0.0,42.11,23.87,23.87,18.24,0.4332,5,Not Returned
ORD100045,2023-06-30,2023-07-07,C0377,Kabelo Mokoena,Small Business,P1030,Dinner Set 16 Piece,Home & Kitchen,Dining,Limpopo,Inland,Tzaneen,Retail Store,Card,Express,5,41.44,0.0,207.2,0.0,207.2,24.69,123.45,83.75,0.4042,7,Returned
ORD100046,2023-09-25,2023-10-02,C0259,Nokuthula Williams,Small Business,P1001,Laptop Pro 14,Technology,Laptops,Mpumalanga,Inland,Mbombela,Corporate Account,Card,Standard,1,660.57,0.0,660.57,0.0,660.57,483.58,483.58,176.99,0.2679,7,Not Returned
ORD100047,2023-10-18,2023-10-24,C0143,Nomsa Maseko,Consumer,P1035,Rain Jacket,Apparel,Outerwear,Western Cape,Coastal,Stellenbosch,Call Centre,Card,Collection,1,36.46,0.15,36.46,5.47,30.99,19.0,19.0,11.99,0.3869,6,Not Returned
ORD100048,2025-03-21,2025-03-25,C0129,Nandi Ndlovu,Corporate,P1001,Laptop Pro 14,Technology,Laptops,Free State,Inland,Bloemfontein,Call Centre,Cash,Standard,2,688.41,0.2,1376.82,275.36,1101.46,453.82,907.64,193.82,0.176,4,Not Returned
ORD100049,2025-09-24,2025-09-26,C0281,Zanele Ndlovu,Small Business,P1018,Whiteboard Marker Set,Office Supplies,Presentation,Limpopo,Inland,Tzaneen,Retail Store,Mobile Money,Collection,3,8.17,0.05,24.51,1.23,23.28,4.09,12.27,11.01,0.4729,2,Not Returned
ORD100050,2024-04-02,2024-04-06,C0267,Farai Dube,Small Business,P1006,Keyboard Combo,Technology,Accessories,Eastern Cape,Coastal,Gqeberha,Retail Store,Card,Standard,1,25.3,0.1,25.3,2.53,22.77,12.69,12.69,10.08,0.4427,4,Not Returned
ORD100051,2023-01-04,2023-01-10,C0394,Kabelo Ndlovu,Small Business,P1005,Wireless Mouse,Technology,Accessories,Gauteng,Inland,Pretoria,Call Centre,Mobile Money,Standard,3,10.31,0.1,30.93,3.09,27.84,5.77,17.31,10.53,0.3782,6,Not Returned
ORD100052,2024-10-13,2024-10-17,C0314,Nokuthula Mabena,Consumer,P1024,Reception Chair,Furniture,Chairs,Gauteng,Inland,Johannesburg,Online,EFT,Standard,2,58.81,0.0,117.62,0.0,117.62,36.25,72.5,45.12,0.3836,4,Not Returned
ORD100053,2023-06-09,2023-06-12,C0421,Chipo Khumalo,Corporate,P1001,Laptop Pro 14,Technology,Laptops,KwaZulu-Natal,Coastal,Pinetown,Call Centre,Cash,Express,1,659.23,0.05,659.23,32.96,626.27,470.54,470.54,155.73,0.2487,3,Not Returned
ORD100054,2024-11-18,2024-11-22,C0335,Nokuthula Ndlovu,Corporate,P1035,Rain Jacket,Apparel,Outerwear,Gauteng,Inland,Midrand,Online,Card,Standard,1,35.1,0.0,35.1,0.0,35.1,20.06,20.06,15.04,0.4285,4,Not Returned
ORD100055,2024-12-23,2024-12-28,C0317,Sibusiso Dube,Consumer,P1001,Laptop Pro 14,Technology,Laptops,Western Cape,Coastal,George,Corporate Account,Card,Standard,1,681.62,0.05,681.62,34.08,647.54,448.78,448.78,198.76,0.3069,5,Not Returned
ORD100056,2025-09-08,2025-09-10,C0145,Zanele Mathebula,Consumer,P1034,Laptop Backpack,Apparel,Bags,Free State,Inland,Sasolburg,Online,Card,Collection,3,34.3,0.05,102.9,5.15,97.75,18.25,54.75,43.0,0.4399,2,Not Returned
ORD100057,2023-03-10,2023-03-15,C0386,Nandi Chuma,Consumer,P1025,Microwave 30L,Home & Kitchen,Appliances,Limpopo,Inland,Thohoyandou,Online,Card,Standard,5,83.46,0.1,417.3,41.73,375.57,64.48,322.4,53.17,0.1416,5,Not Returned
ORD100058,2023-06-03,2023-06-05,C0342,Sibusiso Williams,Consumer,P1023,Bookshelf 5 Tier,Furniture,Storage,Northern Cape,Inland,Upington,Call Centre,Mobile Money,Express,1,81.06,0.0,81.06,0.0,81.06,57.59,57.59,23.47,0.2895,2,Not Returned
ORD100059,2025-06-02,2025-06-04,C0367,Sibusiso Nkosi,Small Business,P1034,Laptop Backpack,Apparel,Bags,Mpumalanga,Inland,Mbombela,Online,Card,Standard,1,33.18,0.05,33.18,1.66,31.52,17.28,17.28,14.24,0.4518,2,Not Returned
ORD100060,2024-01-25,2024-01-27,C0397,Kabelo Sibanda,Corporate,P1028,Air Fryer 5L,Home & Kitchen,Appliances,Mpumalanga,Inland,Emalahleni,Retail Store,EFT,Standard,5,111.47,0.1,557.35,55.74,501.61,77.82,389.1,112.51,0.2243,2,Not Returned
ORD100061,2023-12-20,2023-12-23,C0203,Thabo Chuma,Corporate,P1016,Stapler Heavy Duty,Office Supplies,Desk Accessories,Gauteng,Inland,Soweto,Online,Cash,Express,2,9.68,0.0,19.36,0.0,19.36,4.37,8.74,10.62,0.5486,3,Returned
ORD100062,2023-06-27,2023-06-29,C0028,Sibusiso Mahlangu,Corporate,P1020,Office Desk 1200mm,Furniture,Desks,Western Cape,Coastal,George,Online,Cash,Standard,1,186.31,0.0,186.31,0.0,186.31,138.66,138.66,47.65,0.2558,2,Not Returned
ORD100063,2025-03-25,2025-03-28,C0413,Blessing Naidoo,Small Business,P1003,Business Laptop 15,Technology,Laptops,Gauteng,Inland,Midrand,Retail Store,Card,Standard,1,589.92,0.0,589.92,0.0,589.92,398.09,398.09,191.83,0.3252,3,Not Returned
ORD100064,2025-02-20,2025-02-24,C0489,Sibusiso Patel,Corporate,P1010,A4 Copy Paper Box,Office Supplies,Paper & Stationery,Western Cape,Coastal,George,Retail Store,Card,Standard,3,24.81,0.1,74.43,7.44,66.99,14.72,44.16,22.83,0.3408,4,Not Returned
ORD100065,2023-06-11,2023-06-14,C0252,Precious Maseko,Corporate,P1011,Premium Notebook,Office Supplies,Paper & Stationery,Western Cape,Coastal,George,Online,Cash,Standard,5,4.71,0.0,23.55,0.0,23.55,2.55,12.75,10.8,0.4586,3,Not Returned
ORD100066,2023-05-05,2023-05-09,C0201,Tendai Mathebula,Consumer,P1035,Rain Jacket,Apparel,Outerwear,Eastern Cape,Coastal,Gqeberha,Retail Store,Cash,Standard,1,37.4,0.05,37.4,1.87,35.53,20.1,20.1,15.43,0.4343,4,Not Returned
ORD100067,2024-04-27,2024-04-30,C0016,Mpho Patel,Consumer,P1016,Stapler Heavy Duty,Office Supplies,Desk Accessories,KwaZulu-Natal,Coastal,Umhlanga,Retail Store,EFT,Collection,3,10.15,0.15,30.45,4.57,25.88,4.15,12.45,13.43,0.5189,3,Not Returned
ORD100068,2023-12-23,2023-12-26,C0500,Nandi Moyo,Corporate,P1009,HDMI Cable,Technology,Accessories,Gauteng,Inland,Soweto,Corporate Account,Card,Standard,4,5.82,0.0,23.28,0.0,23.28,3.02,12.08,11.2,0.4811,3,Not Returned
ORD100069,2025-07-15,2025-07-21,C0241,Tendai Mthembu,Small Business,P1029,Cookware Set,Home & Kitchen,Cookware,Gauteng,Inland,Johannesburg,Corporate Account,Card,Standard,1,76.21,0.0,76.21,0.0,76.21,51.7,51.7,24.51,0.3216,6,Not Returned
ORD100070,2025-03-24,2025-03-28,C0338,Precious Nkosi,Small Business,P1004,Chromebook Edu,Technology,Laptops,Free State,Inland,Bloemfontein,Corporate Account,Card,Express,2,305.49,0.1,610.98,61.1,549.88,229.21,458.42,91.46,0.1663,4,Not Returned
ORD100071,2025-12-06,2025-12-09,C0160,Amina Gumede,Small Business,P1023,Bookshelf 5 Tier,Furniture,Storage,Northern Cape,Inland,Kimberley,Retail Store,EFT,Same Day,1,88.81,0.2,88.81,17.76,71.05,55.32,55.32,15.73,0.2214,3,Not Returned
ORD100072,2023-07-25,2023-07-28,C0447,Tendai Mthembu,Corporate,P1016,Stapler Heavy Duty,Office Supplies,Desk Accessories,Mpumalanga,Inland,Middelburg,Online,EFT,Standard,2,8.64,0.15,17.28,2.59,14.69,4.71,9.42,5.27,0.3587,3,Not Returned
ORD100073,2025-04-21,2025-04-27,C0162,Farai Mabena,Small Business,P1026,Kettle Stainless Steel,Home & Kitchen,Small Appliances,KwaZulu-Natal,Coastal,Pinetown,Retail Store,Card,Standard,2,25.19,0.0,50.38,0.0,50.38,14.46,28.92,21.46,0.426,6,Not Returned
ORD100074,2025-11-29,2025-12-05,C0344,Sibusiso Naidoo,Consumer,P1016,Stapler Heavy Duty,Office Supplies,Desk Accessories,KwaZulu-Natal,Coastal,Pinetown,Call Centre,Mobile Money,Standard,3,8.72,0.1,26.16,2.62,23.54,4.67,14.01,9.53,0.4048,6,Not Returned
ORD100075,2024-09-12,2024-09-15,C0261,Precious Gumede,Small Business,P1023,Bookshelf 5 Tier,Furniture,Storage,Mpumalanga,Inland,Middelburg,Retail Store,Mobile Money,Standard,1,86.65,0.15,86.65,13.0,73.65,53.72,53.72,19.93,0.2706,3,Not Returned
ORD100076,2024-09-07,2024-09-11,C0478,Kudzai Patel,Small Business,P1016,Stapler Heavy Duty,Office Supplies,Desk Accessories,Mpumalanga,Inland,Mbombela,Online,Card,Express,3,8.03,0.0,24.09,0.0,24.09,4.42,13.26,10.83,0.4496,4,Not Returned
ORD100077,2024-01-20,2024-01-24,C0335,Nokuthula Ndlovu,Corporate,P1022,Filing Cabinet 4 Drawer,Furniture,Storage,Gauteng,Inland,Midrand,Retail Store,EFT,Standard,2,113.08,0.0,226.16,0.0,226.16,70.73,141.46,84.7,0.3745,4,Not Returned
ORD100078,2023-04-26,2023-04-29,C0183,Mpho Mabena,Small Business,P1006,Keyboard Combo,Technology,Accessories,North West,Inland,Rustenburg,Retail Store,Card,Collection,1,20.99,0.1,20.99,2.1,18.89,13.92,13.92,4.97,0.2631,3,Not Returned
ORD100079,2023-07-08,2023-07-11,C0398,Sibusiso Mthembu,Consumer,P1033,Reflective Jacket,Apparel,Workwear,Western Cape,Coastal,Stellenbosch,Corporate Account,Cash,Standard,1,20.5,0.05,20.5,1.03,19.47,10.75,10.75,8.72,0.4479,3,Not Returned
ORD100080,2025-08-08,2025-08-10,C0105,Zanele Maseko,Corporate,P1020,Office Desk 1200mm,Furniture,Desks,Mpumalanga,Inland,Mbombela,Online,Card,Express,1,184.09,0.15,184.09,27.61,156.48,130.05,130.05,26.43,0.1689,2,Not Returned
ORD100081,2023-12-30,2024-01-03,C0475,Nokuthula Williams,Small Business,P1005,Wireless Mouse,Technology,Accessories,Gauteng,Inland,Soweto,Online,Cash,Standard,1,9.13,0.1,9.13,0.91,8.22,4.72,4.72,3.5,0.4258,4,Not Returned
ORD100082,2023-07-05,2023-07-12,C0244,Nomsa Dube,Small Business,P1018,Whiteboard Marker Set,Office Supplies,Presentation,Mpumalanga,Inland,Middelburg,Retail Store,Mobile Money,Collection,10,7.68,0.0,76.8,0.0,76.8,4.22,42.2,34.6,0.4505,7,Not Returned
ORD100083,2024-04-06,2024-04-11,C0231,Blessing Maseko,Consumer,P1031,Corporate Shirt,Apparel,Workwear,Gauteng,Inland,Midrand,Online,Cash,Express,2,16.82,0.0,33.64,0.0,33.64,6.96,13.92,19.72,0.5862,5,Not Returned
ORD100084,2023-01-19,2023-01-22,C0108,Tariro Nkosi,Consumer,P1030,Dinner Set 16 Piece,Home & Kitchen,Dining,Northern Cape,Inland,Upington,Corporate Account,Card,Express,1,40.28,0.0,40.28,0.0,40.28,23.95,23.95,16.33,0.4054,3,Not Returned
ORD100085,2024-09-17,2024-09-19,C0279,Sipho Mokoena,Small Business,P1017,Lever Arch File Pack,Office Supplies,Filing,Western Cape,Coastal,Bellville,Corporate Account,Cash,Standard,3,8.25,0.15,24.75,3.71,21.04,4.25,12.75,8.29,0.394,2,Not Returned
ORD100086,2024-03-22,2024-03-25,C0100,Nokuthula Maseko,Small Business,P1023,Bookshelf 5 Tier,Furniture,Storage,Eastern Cape,Coastal,Gqeberha,Online,Card,Standard,1,83.25,0.15,83.25,12.49,70.76,54.99,54.99,15.77,0.2229,3,Not Returned
ORD100087,2025-02-05,2025-02-06,C0295,Mpho Sibanda,Small Business,P1005,Wireless Mouse,Technology,Accessories,Gauteng,Inland,Pretoria,Retail Store,EFT,Standard,4,10.13,0.0,40.52,0.0,40.52,5.0,20.0,20.52,0.5064,1,Not Returned
ORD100088,2024-07-20,2024-07-24,C0299,Farai Mthembu,Corporate,P1012,Ballpoint Pen Pack,Office Supplies,Paper & Stationery,KwaZulu-Natal,Coastal,Umhlanga,Retail Store,Mobile Money,Standard,10,4.55,0.1,45.5,4.55,40.95,2.03,20.3,20.65,0.5043,4,Not Returned
ORD100089,2023-11-04,2023-11-07,C0330,Amina Mathebula,Consumer,P1017,Lever Arch File Pack,Office Supplies,Filing,North West,Inland,Mahikeng,Corporate Account,Cash,Standard,3,8.42,0.0,25.26,0.0,25.26,4.03,12.09,13.17,0.5214,3,Returned
ORD100090,2024-10-16,2024-10-19,C0140,Sipho Gumede,Corporate,P1031,Corporate Shirt,Apparel,Workwear,KwaZulu-Natal,Coastal,Durban,Call Centre,Card,Standard,5,15.89,0.1,79.45,7.95,71.5,7.27,36.35,35.15,0.4916,3,Not Returned
ORD100091,2025-03-06,2025-03-08,C0074,Sipho Williams,Consumer,P1029,Cookware Set,Home & Kitchen,Cookware,Mpumalanga,Inland,Emalahleni,Corporate Account,Card,Express,1,68.93,0.05,68.93,3.45,65.48,48.95,48.95,16.53,0.2524,2,Not Returned
ORD100092,2025-12-30,2025-12-31,C0083,Tendai Sibanda,Small Business,P1013,Printer Toner Black,Office Supplies,Printing,Gauteng,Inland,Pretoria,Online,Card,Standard,10,57.54,0.1,575.4,57.54,517.86,44.64,446.4,71.46,0.138,1,Not Returned
ORD100093,2024-01-06,2024-01-10,C0089,Amina Sibanda,Consumer,P1003,Business Laptop 15,Technology,Laptops,Gauteng,Inland,Pretoria,Retail Store,EFT,Collection,1,551.55,0.15,551.55,82.73,468.82,449.7,449.7,19.12,0.0408,4,Not Returned
ORD100094,2024-11-18,2024-11-24,C0153,Precious Naidoo,Small Business,P1034,Laptop Backpack,Apparel,Bags,Gauteng,Inland,Soweto,Corporate Account,Card,Collection,1,29.87,0.1,29.87,2.99,26.88,16.81,16.81,10.07,0.3746,6,Not Returned
ORD100095,2025-01-31,2025-02-10,C0240,Tendai Mthembu,Corporate,P1005,Wireless Mouse,Technology,Accessories,Gauteng,Inland,Midrand,Retail Store,Cash,Express,1,8.97,0.2,8.97,1.79,7.18,5.27,5.27,1.91,0.266,10,Not Returned
ORD100096,2023-05-26,2023-06-01,C0471,Nandi Moyo,Small Business,P1013,Printer Toner Black,Office Supplies,Printing,Gauteng,Inland,Johannesburg,Retail Store,EFT,Standard,5,55.44,0.0,277.2,0.0,277.2,42.41,212.05,65.15,0.235,6,Not Returned
ORD100097,2024-07-13,2024-07-14,C0016,Mpho Patel,Consumer,P1015,Desk Organiser,Office Supplies,Desk Accessories,KwaZulu-Natal,Coastal,Umhlanga,Call Centre,Card,Collection,5,13.0,0.1,65.0,6.5,58.5,7.01,35.05,23.45,0.4009,1,Not Returned
ORD100098,2024-01-05,2024-01-12,C0009,Zanele Maseko,Consumer,P1027,Toaster 4 Slice,Home & Kitchen,Small Appliances,Gauteng,Inland,Soweto,Online,EFT,Standard,4,37.29,0.0,149.16,0.0,149.16,21.53,86.12,63.04,0.4226,7,Not Returned
ORD100099,2025-07-12,2025-07-19,C0292,Amina Mokoena,Consumer,P1011,Premium Notebook,Office Supplies,Paper & Stationery,Gauteng,Inland,Soweto,Corporate Account,Card,Express,3,5.21,0.05,15.63,0.78,14.85,2.39,7.17,7.68,0.5172,7,Not Returned
ORD100100,2025-05-29,2025-06-01,C0007,Tendai Mokoena,Corporate,P1015,Desk Organiser,Office Supplies,Desk Accessories,Northern Cape,Inland,Upington,Retail Store,Cash,Same Day,1,13.19,0.1,13.19,1.32,11.87,7.57,7.57,4.3,0.3623,3,Returned
ORD100101,2024-10-21,2024-10-24,C0399,Lerato Nkosi,Small Business,P1008,External SSD 1TB,Technology,Storage,Western Cape,Coastal,Bellville,Online,Cash,Standard,3,84.27,0.1,252.81,25.28,227.53,51.37,154.11,73.42,0.3227,3,Returned
ORD100102,2024-12-06,2024-12-09,C0161,Mpho Chuma,Corporate,P1016,Stapler Heavy Duty,Office Supplies,Desk Accessories,Western Cape,Coastal,Cape Town,Online,Card,Standard,1,9.8,0.0,9.8,0.0,9.8,4.66,4.66,5.14,0.5245,3,Not Returned
ORD100103,2024-08-18,2024-08-20,C0237,Nandi Mokoena,Corporate,P1032,Safety Shoes,Apparel,Footwear,Limpopo,Inland,Thohoyandou,Retail Store,EFT,Standard,1,47.86,0.05,47.86,2.39,45.47,25.1,25.1,20.37,0.448,2,Not Returned
ORD100104,2025-09-30,2025-10-03,C0388,Tariro Nkosi,Consumer,P1028,Air Fryer 5L,Home & Kitchen,Appliances,Western Cape,Coastal,Stellenbosch,Corporate Account,Card,Standard,4,110.31,0.05,441.24,22.06,419.18,66.66,266.64,152.54,0.3639,3,Not Returned
ORD100105,2025-06-16,2025-06-19,C0188,Nomsa Mthembu,Corporate,P1006,Keyboard Combo,Technology,Accessories,Free State,Inland,Sasolburg,Retail Store,Cash,Standard,2,21.55,0.05,43.1,2.16,40.94,12.97,25.94,15.0,0.3664,3,Not Returned
ORD100106,2024-06-07,2024-06-17,C0057,Rumbidzai Dube,Consumer,P1032,Safety Shoes,Apparel,Footwear,Limpopo,Inland,Polokwane,Online,Card,Collection,2,48.03,0.0,96.06,0.0,96.06,25.44,50.88,45.18,0.4703,10,Not Returned
ORD100107,2023-04-09,2023-04-10,C0333,Lerato Gumede,Corporate,P1028,Air Fryer 5L,Home & Kitchen,Appliances,Mpumalanga,Inland,Middelburg,Retail Store,Card,Standard,1,111.4,0.0,111.4,0.0,111.4,70.26,70.26,41.14,0.3693,1,Not Returned
ORD100108,2023-01-20,2023-01-23,C0230,Rumbidzai Chuma,Consumer,P1030,Dinner Set 16 Piece,Home & Kitchen,Dining,North West,Inland,Mahikeng,Online,EFT,Standard,4,47.18,0.0,188.72,0.0,188.72,23.69,94.76,93.96,0.4979,3,Not Returned
ORD100109,2023-08-03,2023-08-05,C0385,Precious Williams,Consumer,P1007,USB-C Dock,Technology,Accessories,North West,Inland,Klerksdorp,Corporate Account,EFT,Express,1,82.3,0.0,82.3,0.0,82.3,52.29,52.29,30.01,0.3646,2,Not Returned
ORD100110,2024-06-22,2024-06-24,C0225,Amina Naidoo,Consumer,P1030,Dinner Set 16 Piece,Home & Kitchen,Dining,Gauteng,Inland,Midrand,Online,Card,Standard,1,38.39,0.0,38.39,0.0,38.39,23.82,23.82,14.57,0.3795,2,Not Returned
ORD100111,2024-03-01,2024-03-04,C0059,Chipo Mthembu,Small Business,P1007,USB-C Dock,Technology,Accessories,Mpumalanga,Inland,Mbombela,Online,Card,Standard,2,81.43,0.1,162.86,16.29,146.57,54.46,108.92,37.65,0.2569,3,Not Returned
ORD100112,2025-06-06,2025-06-13,C0202,Brian Mabena,Consumer,P1015,Desk Organiser,Office Supplies,Desk Accessories,Gauteng,Inland,Midrand,Corporate Account,EFT,Standard,1,13.66,0.05,13.66,0.68,12.98,6.83,6.83,6.15,0.4738,7,Not Returned
ORD100113,2024-08-29,2024-08-31,C0499,Kabelo Patel,Corporate,P1012,Ballpoint Pen Pack,Office Supplies,Paper & Stationery,Eastern Cape,Coastal,Gqeberha,Corporate Account,Cash,Standard,2,3.93,0.1,7.86,0.79,7.07,1.82,3.64,3.43,0.4851,2,Not Returned
ORD100114,2024-10-02,2024-10-05,C0035,Lerato Ndlovu,Consumer,P1014,Ink Cartridge Colour,Office Supplies,Printing,Western Cape,Coastal,Cape Town,Corporate Account,Card,Standard,3,31.53,0.1,94.59,9.46,85.13,18.25,54.75,30.38,0.3569,3,Not Returned
ORD100115,2023-12-16,2023-12-19,C0339,Amina Mathebula,Consumer,P1005,Wireless Mouse,Technology,Accessories,Western Cape,Coastal,Stellenbosch,Online,Cash,Standard,1,9.92,0.0,9.92,0.0,9.92,4.81,4.81,5.11,0.5151,3,Not Returned
ORD100116,2024-12-21,2024-12-23,C0208,Mpho Mthembu,Small Business,P1002,Laptop Lite 13,Technology,Laptops,Eastern Cape,Coastal,East London,Retail Store,Card,Standard,1,483.52,0.0,483.52,0.0,483.52,351.33,351.33,132.19,0.2734,2,Not Returned
ORD100117,2023-06-21,2023-06-23,C0275,Thabo Mathebula,Small Business,P1016,Stapler Heavy Duty,Office Supplies,Desk Accessories,Gauteng,Inland,Johannesburg,Retail Store,EFT,Standard,2,9.91,0.05,19.82,0.99,18.83,4.66,9.32,9.51,0.505,2,Not Returned
ORD100118,2025-02-16,2025-02-19,C0374,Nandi Maseko,Consumer,P1033,Reflective Jacket,Apparel,Workwear,Western Cape,Coastal,Cape Town,Corporate Account,Cash,Collection,1,22.85,0.05,22.85,1.14,21.71,11.45,11.45,10.26,0.4726,3,Not Returned
ORD100119,2025-09-16,2025-09-19,C0053,Chipo Mahlangu,Corporate,P1006,Keyboard Combo,Technology,Accessories,Gauteng,Inland,Soweto,Online,Card,Standard,1,22.74,0.1,22.74,2.27,20.47,12.28,12.28,8.19,0.4001,3,Not Returned
ORD100120,2025-12-10,2025-12-14,C0157,Brian Mabena,Consumer,P1032,Safety Shoes,Apparel,Footwear,Eastern Cape,Coastal,Mthatha,Call Centre,EFT,Standard,2,45.07,0.0,90.14,0.0,90.14,27.14,54.28,35.86,0.3978,4,Not Returned
ORD100121,2025-12-07,2025-12-09,C0399,Lerato Nkosi,Small Business,P1030,Dinner Set 16 Piece,Home & Kitchen,Dining,Western Cape,Coastal,Bellville,Retail Store,EFT,Express,1,40.36,0.0,40.36,0.0,40.36,23.53,23.53,16.83,0.417,2,Not Returned
ORD100122,2023-06-02,2023-06-05,C0339,Amina Mathebula,Consumer,P1031,Corporate Shirt,Apparel,Workwear,Western Cape,Coastal,Stellenbosch,Corporate Account,Cash,Collection,1,13.6,0.2,13.6,2.72,10.88,7.19,7.19,3.69,0.3392,3,Not Returned
ORD100123,2023-06-03,2023-06-05,C0182,Kabelo Moyo,Consumer,P1027,Toaster 4 Slice,Home & Kitchen,Small Appliances,Gauteng,Inland,Soweto,Online,EFT,Express,2,36.68,0.0,73.36,0.0,73.36,23.69,47.38,25.98,0.3541,2,Not Returned
ORD100124,2025-02-14,2025-02-18,C0096,Rumbidzai Mabena,Corporate,P1023,Bookshelf 5 Tier,Furniture,Storage,Eastern Cape,Coastal,Gqeberha,Corporate Account,Card,Collection,3,95.42,0.0,286.26,0.0,286.26,57.5,172.5,113.76,0.3974,4,Not Returned
ORD100125,2025-07-04,2025-07-09,C0156,Nokuthula Mabena,Consumer,P1008,External SSD 1TB,Technology,Storage,Mpumalanga,Inland,Mbombela,Online,Card,Express,1,71.57,0.0,71.57,0.0,71.57,44.53,44.53,27.04,0.3778,5,Not Returned
ORD100126,2023-01-01,2023-01-03,C0269,Brian Mokoena,Corporate,P1029,Cookware Set,Home & Kitchen,Cookware,Limpopo,Inland,Polokwane,Retail Store,Mobile Money,Express,1,71.77,0.05,71.77,3.59,68.18,51.6,51.6,16.58,0.2432,2,Not Returned
ORD100127,2025-07-23,2025-07-25,C0401,Rumbidzai Naidoo,Corporate,P1024,Reception Chair,Furniture,Chairs,KwaZulu-Natal,Coastal,Pinetown,Online,Card,Express,1,55.73,0.0,55.73,0.0,55.73,36.07,36.07,19.66,0.3528,2,Returned
ORD100128,2025-08-26,2025-08-28,C0468,Farai Mokoena,Corporate,P1008,External SSD 1TB,Technology,Storage,Limpopo,Inland,Polokwane,Online,EFT,Standard,1,72.29,0.1,72.29,7.23,65.06,49.46,49.46,15.6,0.2398,2,Not Returned
ORD100129,2024-12-28,2025-01-02,C0295,Mpho Sibanda,Small Business,P1011,Premium Notebook,Office Supplies,Paper & Stationery,Gauteng,Inland,Pretoria,Online,Card,Collection,3,4.26,0.0,12.78,0.0,12.78,2.42,7.26,5.52,0.4319,5,Not Returned
ORD100130,2023-12-14,2023-12-21,C0194,Tendai Chuma,Consumer,P1028,Air Fryer 5L,Home & Kitchen,Appliances,Gauteng,Inland,Pretoria,Online,Cash,Standard,4,110.11,0.0,440.44,0.0,440.44,73.26,293.04,147.4,0.3347,7,Not Returned
ORD100131,2024-01-26,2024-01-27,C0497,Lerato Gumede,Corporate,P1029,Cookware Set,Home & Kitchen,Cookware,Western Cape,Coastal,Bellville,Call Centre,Cash,Express,3,84.54,0.0,253.62,0.0,253.62,50.51,151.53,102.09,0.4025,1,Not Returned
ORD100132,2025-07-11,2025-07-16,C0375,Tendai Maseko,Small Business,P1008,External SSD 1TB,Technology,Storage,Western Cape,Coastal,George,Retail Store,EFT,Standard,1,73.57,0.1,73.57,7.36,66.21,47.39,47.39,18.82,0.2842,5,Not Returned
ORD100133,2025-06-05,2025-06-09,C0181,Nokuthula Mabena,Small Business,P1033,Reflective Jacket,Apparel,Workwear,Mpumalanga,Inland,Emalahleni,Call Centre,Card,Express,2,21.05,0.0,42.1,0.0,42.1,10.86,21.72,20.38,0.4841,4,Not Returned
ORD100134,2025-11-05,2025-11-10,C0393,Blessing Maseko,Corporate,P1007,USB-C Dock,Technology,Accessories,Mpumalanga,Inland,Mbombela,Retail Store,EFT,Standard,1,81.55,0.0,81.55,0.0,81.55,49.18,49.18,32.37,0.3969,5,Not Returned
ORD100135,2025-03-25,2025-03-30,C0481,Tariro Ndlovu,Small Business,P1001,Laptop Pro 14,Technology,Laptops,Limpopo,Inland,Polokwane,Online,EFT,Collection,1,692.32,0.0,692.32,0.0,692.32,464.89,464.89,227.43,0.3285,5,Not Returned
ORD100136,2025-11-15,2025-11-19,C0114,Kudzai Naidoo,Corporate,P1004,Chromebook Edu,Technology,Laptops,KwaZulu-Natal,Coastal,Pietermaritzburg,Retail Store,Mobile Money,Express,3,283.13,0.15,849.39,127.41,721.98,226.57,679.71,42.27,0.0585,4,Not Returned
ORD100137,2025-11-28,2025-12-02,C0113,Brian Mahlangu,Consumer,P1027,Toaster 4 Slice,Home & Kitchen,Small Appliances,Gauteng,Inland,Soweto,Call Centre,EFT,Same Day,1,38.77,0.05,38.77,1.94,36.83,22.62,22.62,14.21,0.3858,4,Not Returned
ORD100138,2025-10-28,2025-11-01,C0136,Lerato Mokoena,Corporate,P1012,Ballpoint Pen Pack,Office Supplies,Paper & Stationery,Eastern Cape,Coastal,East London,Corporate Account,EFT,Express,5,3.88,0.0,19.4,0.0,19.4,2.03,10.15,9.25,0.4768,4,Not Returned
ORD100139,2025-05-04,2025-05-06,C0114,Kudzai Naidoo,Corporate,P1005,Wireless Mouse,Technology,Accessories,KwaZulu-Natal,Coastal,Pietermaritzburg,Corporate Account,Card,Standard,2,10.04,0.1,20.08,2.01,18.07,4.9,9.8,8.27,0.4577,2,Not Returned
ORD100140,2023-07-07,2023-07-13,C0411,Precious Gumede,Small Business,P1026,Kettle Stainless Steel,Home & Kitchen,Small Appliances,Limpopo,Inland,Polokwane,Corporate Account,Card,Standard,2,25.85,0.0,51.7,0.0,51.7,13.75,27.5,24.2,0.4681,6,Not Returned
ORD100141,2025-06-29,2025-07-01,C0315,Nomsa Gumede,Consumer,P1030,Dinner Set 16 Piece,Home & Kitchen,Dining,Gauteng,Inland,Pretoria,Retail Store,Card,Standard,3,44.19,0.05,132.57,6.63,125.94,25.3,75.9,50.04,0.3973,2,Not Returned
ORD100142,2024-04-04,2024-04-08,C0374,Nandi Maseko,Consumer,P1017,Lever Arch File Pack,Office Supplies,Filing,Western Cape,Coastal,Cape Town,Corporate Account,Cash,Standard,2,7.49,0.1,14.98,1.5,13.48,3.92,7.84,5.64,0.4184,4,Not Returned
ORD100143,2023-04-07,2023-04-11,C0321,Chipo Nkosi,Consumer,P1002,Laptop Lite 13,Technology,Laptops,North West,Inland,Klerksdorp,Call Centre,Card,Express,1,508.2,0.0,508.2,0.0,508.2,351.22,351.22,156.98,0.3089,4,Not Returned
ORD100144,2023-01-27,2023-01-31,C0234,Precious Mahlangu,Small Business,P1005,Wireless Mouse,Technology,Accessories,Western Cape,Coastal,Bellville,Corporate Account,Card,Standard,1,9.88,0.1,9.88,0.99,8.89,5.01,5.01,3.88,0.4364,4,Not Returned
ORD100145,2025-01-23,2025-01-30,C0242,Kudzai Mathebula,Consumer,P1004,Chromebook Edu,Technology,Laptops,KwaZulu-Natal,Coastal,Durban,Corporate Account,Mobile Money,Standard,2,307.63,0.05,615.26,30.76,584.5,226.01,452.02,132.48,0.2267,7,Not Returned
ORD100146,2023-12-30,2024-01-01,C0115,Nokuthula Gumede,Consumer,P1024,Reception Chair,Furniture,Chairs,Free State,Inland,Sasolburg,Retail Store,Card,Standard,2,53.33,0.05,106.66,5.33,101.33,38.72,77.44,23.89,0.2358,2,Not Returned
ORD100147,2024-07-25,2024-08-01,C0490,Tendai Ndlovu,Consumer,P1019,Ergonomic Chair,Furniture,Chairs,Mpumalanga,Inland,Emalahleni,Online,Card,Express,3,136.39,0.2,409.17,81.83,327.34,94.52,283.56,43.78,0.1337,7,Not Returned
ORD100148,2025-11-17,2025-11-23,C0491,Lerato Khumalo,Consumer,P1033,Reflective Jacket,Apparel,Workwear,Gauteng,Inland,Midrand,Retail Store,EFT,Standard,1,23.05,0.0,23.05,0.0,23.05,11.23,11.23,11.82,0.5128,6,Not Returned
ORD100149,2025-11-08,2025-11-09,C0254,Nokuthula Patel,Consumer,P1017,Lever Arch File Pack,Office Supplies,Filing,Gauteng,Inland,Johannesburg,Corporate Account,Card,Standard,2,7.51,0.0,15.02,0.0,15.02,3.74,7.48,7.54,0.502,1,Not Returned
ORD100150,2023-07-28,2023-08-04,C0073,Chipo Patel,Consumer,P1017,Lever Arch File Pack,Office Supplies,Filing,Eastern Cape,Coastal,East London,Online,Mobile Money,Express,2,8.61,0.0,17.22,0.0,17.22,3.87,7.74,9.48,0.5505,7,Not Returned
ORD100151,2025-08-30,2025-09-01,C0011,Blessing Mthembu,Consumer,P1024,Reception Chair,Furniture,Chairs,Gauteng,Inland,Johannesburg,Online,EFT,Standard,1,57.14,0.0,57.14,0.0,57.14,35.61,35.61,21.53,0.3768,2,Not Returned
ORD100152,2024-05-14,2024-05-17,C0467,Sibusiso Khumalo,Corporate,P1028,Air Fryer 5L,Home & Kitchen,Appliances,Western Cape,Coastal,Bellville,Corporate Account,Mobile Money,Standard,4,116.07,0.1,464.28,46.43,417.85,67.61,270.44,147.41,0.3528,3,Not Returned
ORD100153,2025-11-06,2025-11-07,C0233,Nokuthula Chuma,Small Business,P1019,Ergonomic Chair,Furniture,Chairs,Gauteng,Inland,Johannesburg,Online,Mobile Money,Standard,2,142.66,0.0,285.32,0.0,285.32,90.8,181.6,103.72,0.3635,1,Not Returned
ORD100154,2023-06-22,2023-07-02,C0297,Nomsa Mahlangu,Small Business,P1032,Safety Shoes,Apparel,Footwear,Gauteng,Inland,Midrand,Retail Store,Card,Express,2,43.17,0.05,86.34,4.32,82.02,27.16,54.32,27.7,0.3377,10,Not Returned
ORD100155,2024-03-12,2024-03-14,C0135,Tendai Khumalo,Small Business,P1033,Reflective Jacket,Apparel,Workwear,KwaZulu-Natal,Coastal,Umhlanga,Retail Store,Cash,Same Day,4,19.31,0.0,77.24,0.0,77.24,10.76,43.04,34.2,0.4428,2,Not Returned
ORD100156,2025-06-10,2025-06-13,C0292,Amina Mokoena,Consumer,P1008,External SSD 1TB,Technology,Storage,Gauteng,Inland,Soweto,Online,Card,Standard,2,81.25,0.0,162.5,0.0,162.5,42.89,85.78,76.72,0.4721,3,Not Returned
ORD100157,2024-07-02,2024-07-05,C0109,Amina Gumede,Consumer,P1008,External SSD 1TB,Technology,Storage,KwaZulu-Natal,Coastal,Umhlanga,Online,Card,Standard,2,73.46,0.1,146.92,14.69,132.23,47.29,94.58,37.65,0.2847,3,Not Returned
ORD100158,2025-04-08,2025-04-15,C0019,Sipho Gumede,Corporate,P1007,USB-C Dock,Technology,Accessories,Western Cape,Coastal,Stellenbosch,Retail Store,EFT,Express,1,89.25,0.05,89.25,4.46,84.79,51.13,51.13,33.66,0.397,7,Not Returned
ORD100159,2023-04-04,2023-04-05,C0195,Sibusiso Mahlangu,Corporate,P1019,Ergonomic Chair,Furniture,Chairs,Mpumalanga,Inland,Mbombela,Online,Cash,Standard,1,153.14,0.0,153.14,0.0,153.14,99.83,99.83,53.31,0.3481,1,Not Returned
ORD100160,2023-06-27,2023-06-29,C0446,Kabelo Mathebula,Small Business,P1035,Rain Jacket,Apparel,Outerwear,Limpopo,Inland,Tzaneen,Corporate Account,Card,Standard,1,36.21,0.0,36.21,0.0,36.21,19.9,19.9,16.31,0.4504,2,Not Returned
ORD100161,2025-12-08,2025-12-12,C0124,Brian Mokoena,Consumer,P1006,Keyboard Combo,Technology,Accessories,Northern Cape,Inland,Upington,Retail Store,Mobile Money,Collection,1,23.65,0.05,23.65,1.18,22.47,12.81,12.81,9.66,0.4299,4,Not Returned
ORD100162,2025-02-03,2025-02-09,C0085,Precious Gumede,Small Business,P1020,Office Desk 1200mm,Furniture,Desks,KwaZulu-Natal,Coastal,Pietermaritzburg,Online,Card,Express,3,207.67,0.0,623.01,0.0,623.01,123.8,371.4,251.61,0.4039,6,Not Returned
ORD100163,2025-03-18,2025-03-21,C0075,Zanele Gumede,Small Business,P1004,Chromebook Edu,Technology,Laptops,KwaZulu-Natal,Coastal,Umhlanga,Corporate Account,Mobile Money,Standard,3,304.85,0.0,914.55,0.0,914.55,212.79,638.37,276.18,0.302,3,Not Returned
ORD100164,2025-04-25,2025-05-01,C0449,Kudzai Ndlovu,Corporate,P1021,Boardroom Table,Furniture,Tables,Eastern Cape,Coastal,Mthatha,Online,EFT,Standard,2,424.81,0.05,849.62,42.48,807.14,307.62,615.24,191.9,0.2378,6,Not Returned
ORD100165,2025-06-11,2025-06-15,C0038,Sibusiso Moyo,Small Business,P1034,Laptop Backpack,Apparel,Bags,North West,Inland,Rustenburg,Online,Card,Standard,1,27.7,0.05,27.7,1.39,26.31,18.19,18.19,8.12,0.3086,4,Not Returned
ORD100166,2025-09-24,2025-09-27,C0293,Kabelo Ndlovu,Corporate,P1012,Ballpoint Pen Pack,Office Supplies,Paper & Stationery,Eastern Cape,Coastal,East London,Online,Card,Standard,2,4.23,0.1,8.46,0.85,7.61,2.0,4.0,3.61,0.4744,3,Not Returned
ORD100167,2024-02-01,2024-02-04,C0159,Lerato Mokoena,Consumer,P1011,Premium Notebook,Office Supplies,Paper & Stationery,North West,Inland,Rustenburg,Online,EFT,Express,1,5.09,0.05,5.09,0.25,4.84,2.33,2.33,2.51,0.5186,3,Not Returned
ORD100168,2025-01-16,2025-01-18,C0318,Nokuthula Patel,Consumer,P1019,Ergonomic Chair,Furniture,Chairs,Gauteng,Inland,Midrand,Online,Card,Express,1,133.79,0.0,133.79,0.0,133.79,95.38,95.38,38.41,0.2871,2,Returned
ORD100169,2025-06-12,2025-06-13,C0250,Kabelo Patel,Corporate,P1010,A4 Copy Paper Box,Office Supplies,Paper & Stationery,North West,Inland,Mahikeng,Online,Card,Standard,10,25.29,0.0,252.9,0.0,252.9,14.41,144.1,108.8,0.4302,1,Not Returned
ORD100170,2024-09-17,2024-09-21,C0449,Kudzai Ndlovu,Corporate,P1018,Whiteboard Marker Set,Office Supplies,Presentation,Eastern Cape,Coastal,Mthatha,Online,Card,Collection,4,7.77,0.0,31.08,0.0,31.08,4.08,16.32,14.76,0.4749,4,Not Returned
ORD100171,2024-02-07,2024-02-09,C0283,Zanele Williams,Consumer,P1001,Laptop Pro 14,Technology,Laptops,Mpumalanga,Inland,Middelburg,Online,Card,Standard,3,689.43,0.05,2068.29,103.41,1964.88,487.44,1462.32,502.56,0.2558,2,Returned
ORD100172,2023-03-05,2023-03-09,C0082,Tariro Sibanda,Consumer,P1007,USB-C Dock,Technology,Accessories,North West,Inland,Klerksdorp,Online,Card,Standard,1,84.19,0.0,84.19,0.0,84.19,55.74,55.74,28.45,0.3379,4,Not Returned
ORD100173,2025-08-24,2025-08-27,C0090,Tariro Gumede,Consumer,P1008,External SSD 1TB,Technology,Storage,Western Cape,Coastal,Cape Town,Corporate Account,EFT,Collection,1,77.33,0.0,77.33,0.0,77.33,46.61,46.61,30.72,0.3973,3,Not Returned
ORD100174,2023-10-02,2023-10-06,C0413,Blessing Naidoo,Small Business,P1007,USB-C Dock,Technology,Accessories,Gauteng,Inland,Midrand,Retail Store,EFT,Collection,1,77.23,0.0,77.23,0.0,77.23,52.28,52.28,24.95,0.3231,4,Not Returned
ORD100175,2023-12-06,2023-12-11,C0449,Kudzai Ndlovu,Corporate,P1016,Stapler Heavy Duty,Office Supplies,Desk Accessories,Eastern Cape,Coastal,Mthatha,Retail Store,EFT,Collection,2,8.49,0.1,16.98,1.7,15.28,4.97,9.94,5.34,0.3495,5,Not Returned
ORD100176,2023-10-27,2023-11-03,C0344,Sibusiso Naidoo,Consumer,P1008,External SSD 1TB,Technology,Storage,KwaZulu-Natal,Coastal,Pinetown,Online,EFT,Standard,2,77.73,0.0,155.46,0.0,155.46,45.08,90.16,65.3,0.42,7,Not Returned
ORD100177,2025-01-26,2025-01-29,C0005,Tariro Chuma,Consumer,P1007,USB-C Dock,Technology,Accessories,Gauteng,Inland,Soweto,Corporate Account,Card,Collection,2,90.86,0.0,181.72,0.0,181.72,52.48,104.96,76.76,0.4224,3,Not Returned
ORD100178,2023-11-14,2023-11-15,C0215,Sibusiso Moyo,Corporate,P1010,A4 Copy Paper Box,Office Supplies,Paper & Stationery,Eastern Cape,Coastal,Mthatha,Online,Cash,Express,4,27.96,0.05,111.84,5.59,106.25,14.97,59.88,46.37,0.4364,1,Not Returned
ORD100179,2023-12-23,2023-12-25,C0128,Precious Mabena,Consumer,P1007,USB-C Dock,Technology,Accessories,Western Cape,Coastal,Stellenbosch,Corporate Account,Card,Standard,2,88.23,0.0,176.46,0.0,176.46,56.1,112.2,64.26,0.3642,2,Not Returned
ORD100180,2024-04-01,2024-04-05,C0383,Zanele Maseko,Consumer,P1030,Dinner Set 16 Piece,Home & Kitchen,Dining,Gauteng,Inland,Johannesburg,Retail Store,EFT,Express,2,38.68,0.0,77.36,0.0,77.36,23.78,47.56,29.8,0.3852,4,Not Returned
ORD100181,2025-10-24,2025-10-30,C0143,Nomsa Maseko,Consumer,P1029,Cookware Set,Home & Kitchen,Cookware,Western Cape,Coastal,Stellenbosch,Retail Store,Card,Standard,3,81.65,0.05,244.95,12.25,232.7,52.16,156.48,76.22,0.3275,6,Not Returned
ORD100182,2023-11-19,2023-11-25,C0234,Precious Mahlangu,Small Business,P1003,Business Laptop 15,Technology,Laptops,Western Cape,Coastal,Bellville,Online,Cash,Express,1,544.14,0.2,544.14,108.83,435.31,418.03,418.03,17.28,0.0397,6,Not Returned
ORD100183,2025-09-13,2025-09-20,C0075,Zanele Gumede,Small Business,P1010,A4 Copy Paper Box,Office Supplies,Paper & Stationery,KwaZulu-Natal,Coastal,Umhlanga,Retail Store,Card,Standard,1,25.64,0.0,25.64,0.0,25.64,15.12,15.12,10.52,0.4103,7,Not Returned
ORD100184,2023-09-19,2023-09-23,C0210,Amina Ndlovu,Corporate,P1018,Whiteboard Marker Set,Office Supplies,Presentation,KwaZulu-Natal,Coastal,Umhlanga,Online,EFT,Standard,10,8.21,0.2,82.1,16.42,65.68,3.97,39.7,25.98,0.3956,4,Not Returned
ORD100185,2024-06-12,2024-06-19,C0352,Nandi Sibanda,Corporate,P1006,Keyboard Combo,Technology,Accessories,Free State,Inland,Bloemfontein,Retail Store,Card,Express,1,24.04,0.0,24.04,0.0,24.04,13.02,13.02,11.02,0.4584,7,Not Returned
ORD100186,2024-08-03,2024-08-08,C0306,Sibusiso Khumalo,Small Business,P1021,Boardroom Table,Furniture,Tables,Gauteng,Inland,Johannesburg,Retail Store,EFT,Standard,1,420.3,0.0,420.3,0.0,420.3,324.37,324.37,95.93,0.2282,5,Not Returned
ORD100187,2025-04-21,2025-04-22,C0041,Tariro Nkosi,Consumer,P1011,Premium Notebook,Office Supplies,Paper & Stationery,Gauteng,Inland,Johannesburg,Online,EFT,Standard,4,5.38,0.0,21.52,0.0,21.52,2.41,9.64,11.88,0.552,1,Not Returned
ORD100188,2024-12-02,2024-12-05,C0221,Thabo Naidoo,Consumer,P1016,Stapler Heavy Duty,Office Supplies,Desk Accessories,Western Cape,Coastal,Stellenbosch,Online,Card,Standard,3,8.65,0.05,25.95,1.3,24.65,4.69,14.07,10.58,0.4292,3,Returned
ORD100189,2025-12-06,2025-12-12,C0212,Tendai Williams,Corporate,P1018,Whiteboard Marker Set,Office Supplies,Presentation,Western Cape,Coastal,Bellville,Online,Card,Standard,3,8.04,0.15,24.12,3.62,20.5,4.17,12.51,7.99,0.3898,6,Not Returned
ORD100190,2023-03-21,2023-03-26,C0044,Kudzai Maseko,Corporate,P1027,Toaster 4 Slice,Home & Kitchen,Small Appliances,Gauteng,Inland,Johannesburg,Online,EFT,Collection,5,40.79,0.05,203.95,10.2,193.75,22.37,111.85,81.9,0.4227,5,Not Returned
ORD100191,2023-01-03,2023-01-06,C0019,Sipho Gumede,Corporate,P1006,Keyboard Combo,Technology,Accessories,Western Cape,Coastal,Stellenbosch,Retail Store,Card,Standard,2,23.36,0.05,46.72,2.34,44.38,13.76,27.52,16.86,0.3799,3,Not Returned
ORD100192,2025-12-21,2025-12-26,C0486,Farai Moyo,Small Business,P1013,Printer Toner Black,Office Supplies,Printing,Mpumalanga,Inland,Mbombela,Corporate Account,Card,Collection,2,63.83,0.0,127.66,0.0,127.66,42.58,85.16,42.5,0.3329,5,Not Returned
ORD100193,2023-07-20,2023-07-23,C0227,Sibusiso Mthembu,Consumer,P1031,Corporate Shirt,Apparel,Workwear,Limpopo,Inland,Polokwane,Corporate Account,Card,Express,1,15.97,0.0,15.97,0.0,15.97,7.07,7.07,8.9,0.5573,3,Not Returned
ORD100194,2025-04-16,2025-04-20,C0071,Tariro Maseko,Small Business,P1020,Office Desk 1200mm,Furniture,Desks,North West,Inland,Klerksdorp,Online,EFT,Standard,1,187.12,0.1,187.12,18.71,168.41,124.74,124.74,43.67,0.2593,4,Not Returned
ORD100195,2025-02-07,2025-02-14,C0176,Amina Dube,Small Business,P1008,External SSD 1TB,Technology,Storage,Eastern Cape,Coastal,East London,Online,Card,Express,1,69.95,0.2,69.95,13.99,55.96,48.73,48.73,7.23,0.1292,7,Not Returned
ORD100196,2024-06-03,2024-06-05,C0014,Mpho Maseko,Consumer,P1035,Rain Jacket,Apparel,Outerwear,North West,Inland,Klerksdorp,Retail Store,Mobile Money,Standard,5,38.52,0.05,192.6,9.63,182.97,21.3,106.5,76.47,0.4179,2,Not Returned
ORD100197,2024-02-22,2024-02-24,C0338,Precious Nkosi,Small Business,P1015,Desk Organiser,Office Supplies,Desk Accessories,Free State,Inland,Bloemfontein,Online,EFT,Standard,1,12.51,0.05,12.51,0.63,11.88,6.84,6.84,5.04,0.4242,2,Not Returned
ORD100198,2024-09-20,2024-09-23,C0316,Farai Mthembu,Small Business,P1026,Kettle Stainless Steel,Home & Kitchen,Small Appliances,Gauteng,Inland,Soweto,Online,Cash,Standard,1,23.46,0.05,23.46,1.17,22.29,13.34,13.34,8.95,0.4015,3,Not Returned
ORD100199,2024-04-15,2024-04-19,C0426,Nokuthula Mthembu,Corporate,P1016,Stapler Heavy Duty,Office Supplies,Desk Accessories,Western Cape,Coastal,Bellville,Online,Card,Standard,1,8.7,0.0,8.7,0.0,8.7,4.61,4.61,4.09,0.4701,4,Not Returned
ORD100200,2023-06-12,2023-06-16,C0262,Mpho Ndlovu,Corporate,P1015,Desk Organiser,Office Supplies,Desk Accessories,Limpopo,Inland,Thohoyandou,Retail Store,Card,Standard,3,12.34,0.15,37.02,5.55,31.47,7.05,21.15,10.32,0.3279,4,Not Returned
ORD100201,2024-06-20,2024-06-22,C0231,Blessing Maseko,Consumer,P1022,Filing Cabinet 4 Drawer,Furniture,Storage,Gauteng,Inland,Midrand,Retail Store,Cash,Express,1,110.87,0.05,110.87,5.54,105.33,69.92,69.92,35.41,0.3362,2,Not Returned
ORD100202,2023-12-25,2023-12-29,C0353,Tariro Khumalo,Small Business,P1024,Reception Chair,Furniture,Chairs,Gauteng,Inland,Midrand,Retail Store,Cash,Standard,1,51.92,0.0,51.92,0.0,51.92,34.19,34.19,17.73,0.3415,4,Not Returned
ORD100203,2023-03-10,2023-03-15,C0415,Tendai Maseko,Consumer,P1011,Premium Notebook,Office Supplies,Paper & Stationery,Western Cape,Coastal,Stellenbosch,Retail Store,EFT,Standard,3,4.84,0.1,14.52,1.45,13.07,2.52,7.56,5.51,0.4216,5,Not Returned
ORD100204,2023-01-01,2023-01-04,C0457,Sipho Khumalo,Consumer,P1034,Laptop Backpack,Apparel,Bags,Western Cape,Coastal,Stellenbosch,Online,Card,Express,2,32.17,0.0,64.34,0.0,64.34,17.23,34.46,29.88,0.4644,3,Not Returned
ORD100205,2023-06-12,2023-06-16,C0273,Sibusiso Moyo,Corporate,P1010,A4 Copy Paper Box,Office Supplies,Paper & Stationery,KwaZulu-Natal,Coastal,Pietermaritzburg,Retail Store,EFT,Standard,3,25.88,0.1,77.64,7.76,69.88,14.78,44.34,25.54,0.3655,4,Not Returned
ORD100206,2024-07-20,2024-07-24,C0260,Nandi Mokoena,Consumer,P1027,Toaster 4 Slice,Home & Kitchen,Small Appliances,Gauteng,Inland,Midrand,Retail Store,Card,Standard,4,38.92,0.1,155.68,15.57,140.11,23.66,94.64,45.47,0.3245,4,Not Returned
ORD100207,2023-08-07,2023-08-11,C0209,Thabo Maseko,Consumer,P1029,Cookware Set,Home & Kitchen,Cookware,Gauteng,Inland,Soweto,Online,EFT,Standard,3,85.55,0.0,256.65,0.0,256.65,51.3,153.9,102.75,0.4004,4,Not Returned
ORD100208,2024-05-27,2024-06-02,C0162,Farai Mabena,Small Business,P1031,Corporate Shirt,Apparel,Workwear,KwaZulu-Natal,Coastal,Pinetown,Online,Card,Collection,4,15.64,0.05,62.56,3.13,59.43,6.77,27.08,32.35,0.5443,6,Not Returned
ORD100209,2025-08-01,2025-08-03,C0276,Brian Ndlovu,Corporate,P1006,Keyboard Combo,Technology,Accessories,Northern Cape,Inland,Upington,Online,Card,Collection,2,24.04,0.0,48.08,0.0,48.08,13.66,27.32,20.76,0.4318,2,Not Returned
ORD100210,2024-03-27,2024-03-30,C0077,Thabo Williams,Corporate,P1026,Kettle Stainless Steel,Home & Kitchen,Small Appliances,KwaZulu-Natal,Coastal,Umhlanga,Call Centre,EFT,Standard,2,24.04,0.0,48.08,0.0,48.08,14.05,28.1,19.98,0.4156,3,Not Returned
ORD100211,2024-06-23,2024-06-27,C0480,Nandi Naidoo,Small Business,P1030,Dinner Set 16 Piece,Home & Kitchen,Dining,KwaZulu-Natal,Coastal,Durban,Corporate Account,Card,Collection,2,41.22,0.05,82.44,4.12,78.32,24.21,48.42,29.9,0.3818,4,Not Returned
ORD100212,2025-09-02,2025-09-06,C0424,Nokuthula Maseko,Consumer,P1017,Lever Arch File Pack,Office Supplies,Filing,Free State,Inland,Sasolburg,Online,Cash,Collection,10,8.58,0.15,85.8,12.87,72.93,3.77,37.7,35.23,0.4831,4,Not Returned
ORD100213,2024-01-25,2024-01-27,C0157,Brian Mabena,Consumer,P1030,Dinner Set 16 Piece,Home & Kitchen,Dining,Eastern Cape,Coastal,Mthatha,Corporate Account,Card,Standard,5,40.87,0.0,204.35,0.0,204.35,24.19,120.95,83.4,0.4081,2,Not Returned
ORD100214,2024-05-26,2024-05-30,C0015,Zanele Nkosi,Consumer,P1011,Premium Notebook,Office Supplies,Paper & Stationery,North West,Inland,Mahikeng,Online,Card,Same Day,1,4.46,0.05,4.46,0.22,4.24,2.6,2.6,1.64,0.3868,4,Not Returned
ORD100215,2025-10-05,2025-10-06,C0032,Brian Mahlangu,Corporate,P1031,Corporate Shirt,Apparel,Workwear,Free State,Inland,Sasolburg,Online,EFT,Express,4,15.46,0.1,61.84,6.18,55.66,7.11,28.44,27.22,0.489,1,Not Returned
ORD100216,2025-10-05,2025-10-06,C0212,Tendai Williams,Corporate,P1008,External SSD 1TB,Technology,Storage,Western Cape,Coastal,Bellville,Online,Card,Express,1,74.41,0.1,74.41,7.44,66.97,44.09,44.09,22.88,0.3416,1,Not Returned
ORD100217,2025-11-12,2025-11-16,C0208,Mpho Mthembu,Small Business,P1025,Microwave 30L,Home & Kitchen,Appliances,Eastern Cape,Coastal,East London,Online,Cash,Standard,2,86.75,0.0,173.5,0.0,173.5,58.37,116.74,56.76,0.3271,4,Not Returned
ORD100218,2023-03-08,2023-03-13,C0352,Nandi Sibanda,Corporate,P1002,Laptop Lite 13,Technology,Laptops,Free State,Inland,Bloemfontein,Online,Mobile Money,Express,2,521.92,0.0,1043.84,0.0,1043.84,370.45,740.9,302.94,0.2902,5,Not Returned
ORD100219,2025-07-31,2025-08-07,C0133,Nokuthula Naidoo,Small Business,P1002,Laptop Lite 13,Technology,Laptops,KwaZulu-Natal,Coastal,Pietermaritzburg,Online,Card,Standard,1,508.08,0.0,508.08,0.0,508.08,350.6,350.6,157.48,0.31,7,Not Returned
ORD100220,2024-11-01,2024-11-05,C0043,Precious Khumalo,Consumer,P1035,Rain Jacket,Apparel,Outerwear,KwaZulu-Natal,Coastal,Pietermaritzburg,Online,Card,Standard,2,37.94,0.0,75.88,0.0,75.88,19.83,39.66,36.22,0.4773,4,Not Returned
ORD100221,2025-05-08,2025-05-10,C0138,Farai Naidoo,Consumer,P1032,Safety Shoes,Apparel,Footwear,Gauteng,Inland,Johannesburg,Online,Card,Standard,1,41.62,0.1,41.62,4.16,37.46,28.56,28.56,8.9,0.2376,2,Not Returned
ORD100222,2024-04-13,2024-04-16,C0208,Mpho Mthembu,Small Business,P1034,Laptop Backpack,Apparel,Bags,Eastern Cape,Coastal,East London,Retail Store,Cash,Standard,5,30.49,0.1,152.45,15.24,137.21,16.84,84.2,53.01,0.3863,3,Not Returned
ORD100223,2023-11-03,2023-11-08,C0125,Brian Dube,Small Business,P1002,Laptop Lite 13,Technology,Laptops,Western Cape,Coastal,Cape Town,Online,Mobile Money,Express,3,507.86,0.0,1523.58,0.0,1523.58,370.71,1112.13,411.45,0.2701,5,Not Returned
ORD100224,2025-12-29,2025-12-30,C0446,Kabelo Mathebula,Small Business,P1028,Air Fryer 5L,Home & Kitchen,Appliances,Limpopo,Inland,Tzaneen,Retail Store,EFT,Standard,5,117.17,0.05,585.85,29.29,556.56,74.43,372.15,184.41,0.3313,1,Not Returned
ORD100225,2025-11-01,2025-11-03,C0311,Kudzai Chuma,Small Business,P1005,Wireless Mouse,Technology,Accessories,KwaZulu-Natal,Coastal,Durban,Corporate Account,Card,Standard,1,9.59,0.0,9.59,0.0,9.59,5.36,5.36,4.23,0.4411,2,Not Returned
ORD100226,2024-06-11,2024-06-14,C0234,Precious Mahlangu,Small Business,P1026,Kettle Stainless Steel,Home & Kitchen,Small Appliances,Western Cape,Coastal,Bellville,Retail Store,EFT,Express,1,21.71,0.1,21.71,2.17,19.54,14.32,14.32,5.22,0.2671,3,Not Returned
ORD100227,2023-12-24,2023-12-27,C0011,Blessing Mthembu,Consumer,P1029,Cookware Set,Home & Kitchen,Cookware,Gauteng,Inland,Johannesburg,Retail Store,Cash,Standard,2,76.86,0.05,153.72,7.69,146.03,45.15,90.3,55.73,0.3816,3,Not Returned
ORD100228,2023-06-10,2023-06-13,C0350,Sipho Gumede,Corporate,P1001,Laptop Pro 14,Technology,Laptops,Limpopo,Inland,Tzaneen,Online,Card,Collection,2,694.16,0.0,1388.32,0.0,1388.32,477.98,955.96,432.36,0.3114,3,Not Returned
ORD100229,2024-11-21,2024-11-24,C0071,Tariro Maseko,Small Business,P1009,HDMI Cable,Technology,Accessories,North West,Inland,Klerksdorp,Corporate Account,Card,Standard,1,6.0,0.05,6.0,0.3,5.7,2.86,2.86,2.84,0.4982,3,Not Returned
ORD100230,2024-10-04,2024-10-08,C0381,Kabelo Sibanda,Consumer,P1030,Dinner Set 16 Piece,Home & Kitchen,Dining,Western Cape,Coastal,George,Retail Store,Card,Standard,2,39.79,0.0,79.58,0.0,79.58,24.04,48.08,31.5,0.3958,4,Not Returned
ORD100231,2025-01-13,2025-01-14,C0386,Nandi Chuma,Consumer,P1031,Corporate Shirt,Apparel,Workwear,Limpopo,Inland,Thohoyandou,Online,Card,Express,1,15.04,0.05,15.04,0.75,14.29,6.92,6.92,7.37,0.5157,1,Not Returned
ORD100232,2024-05-30,2024-06-03,C0157,Brian Mabena,Consumer,P1011,Premium Notebook,Office Supplies,Paper & Stationery,Eastern Cape,Coastal,Mthatha,Online,Card,Standard,5,4.85,0.0,24.25,0.0,24.25,2.46,12.3,11.95,0.4928,4,Not Returned
ORD100233,2025-08-27,2025-08-31,C0149,Lerato Mokoena,Small Business,P1022,Filing Cabinet 4 Drawer,Furniture,Storage,Eastern Cape,Coastal,Gqeberha,Corporate Account,Card,Standard,2,109.39,0.05,218.78,10.94,207.84,67.21,134.42,73.42,0.3533,4,Not Returned
ORD100234,2024-12-09,2024-12-15,C0441,Brian Sibanda,Consumer,P1004,Chromebook Edu,Technology,Laptops,Gauteng,Inland,Midrand,Retail Store,Card,Standard,2,288.6,0.1,577.2,57.72,519.48,233.76,467.52,51.96,0.1,6,Not Returned
ORD100235,2024-11-12,2024-11-14,C0068,Nandi Naidoo,Consumer,P1035,Rain Jacket,Apparel,Outerwear,KwaZulu-Natal,Coastal,Umhlanga,Corporate Account,Mobile Money,Standard,4,38.85,0.0,155.4,0.0,155.4,20.16,80.64,74.76,0.4811,2,Not Returned
ORD100236,2023-10-04,2023-10-08,C0236,Thabo Khumalo,Small Business,P1032,Safety Shoes,Apparel,Footwear,KwaZulu-Natal,Coastal,Pinetown,Retail Store,EFT,Express,2,44.0,0.0,88.0,0.0,88.0,27.22,54.44,33.56,0.3814,4,Not Returned
ORD100237,2025-06-09,2025-06-11,C0237,Nandi Mokoena,Corporate,P1028,Air Fryer 5L,Home & Kitchen,Appliances,Limpopo,Inland,Thohoyandou,Online,EFT,Collection,1,106.9,0.2,106.9,21.38,85.52,74.24,74.24,11.28,0.1319,2,Not Returned
ORD100238,2025-06-23,2025-06-26,C0051,Precious Moyo,Corporate,P1015,Desk Organiser,Office Supplies,Desk Accessories,KwaZulu-Natal,Coastal,Durban,Online,EFT,Express,1,13.48,0.05,13.48,0.67,12.81,7.32,7.32,5.49,0.4286,3,Not Returned
ORD100239,2023-10-07,2023-10-11,C0040,Kabelo Moyo,Small Business,P1009,HDMI Cable,Technology,Accessories,Gauteng,Inland,Midrand,Call Centre,Mobile Money,Standard,2,6.01,0.0,12.02,0.0,12.02,3.01,6.02,6.0,0.4992,4,Returned
ORD100240,2023-01-19,2023-01-23,C0184,Nokuthula Nkosi,Consumer,P1017,Lever Arch File Pack,Office Supplies,Filing,Limpopo,Inland,Thohoyandou,Corporate Account,EFT,Standard,1,8.52,0.05,8.52,0.43,8.09,3.98,3.98,4.11,0.508,4,Not Returned
ORD100241,2025-06-14,2025-06-19,C0098,Farai Mahlangu,Consumer,P1004,Chromebook Edu,Technology,Laptops,Western Cape,Coastal,Stellenbosch,Online,Card,Standard,1,277.01,0.2,277.01,55.4,221.61,210.88,210.88,10.73,0.0484,5,Not Returned
ORD100242,2025-05-14,2025-05-15,C0397,Kabelo Sibanda,Corporate,P1001,Laptop Pro 14,Technology,Laptops,Mpumalanga,Inland,Emalahleni,Retail Store,EFT,Standard,3,615.37,0.1,1846.11,184.61,1661.5,506.55,1519.65,141.85,0.0854,1,Not Returned
ORD100243,2025-12-25,2025-12-28,C0054,Brian Naidoo,Small Business,P1012,Ballpoint Pen Pack,Office Supplies,Paper & Stationery,Mpumalanga,Inland,Mbombela,Online,Card,Express,5,3.96,0.0,19.8,0.0,19.8,2.07,10.35,9.45,0.4773,3,Not Returned
ORD100244,2025-07-16,2025-07-20,C0353,Tariro Khumalo,Small Business,P1028,Air Fryer 5L,Home & Kitchen,Appliances,Gauteng,Inland,Midrand,Online,Card,Standard,4,112.48,0.05,449.92,22.5,427.42,69.34,277.36,150.06,0.3511,4,Not Returned
ORD100245,2024-01-16,2024-01-21,C0074,Sipho Williams,Consumer,P1010,A4 Copy Paper Box,Office Supplies,Paper & Stationery,Mpumalanga,Inland,Emalahleni,Retail Store,Card,Standard,1,25.74,0.0,25.74,0.0,25.74,15.16,15.16,10.58,0.411,5,Not Returned
ORD100246,2023-01-31,2023-02-02,C0156,Nokuthula Mabena,Consumer,P1022,Filing Cabinet 4 Drawer,Furniture,Storage,Mpumalanga,Inland,Mbombela,Corporate Account,Mobile Money,Standard,4,111.12,0.0,444.48,0.0,444.48,68.2,272.8,171.68,0.3862,2,Not Returned
ORD100247,2023-03-06,2023-03-08,C0282,Precious Mabena,Small Business,P1030,Dinner Set 16 Piece,Home & Kitchen,Dining,KwaZulu-Natal,Coastal,Umhlanga,Online,Cash,Standard,4,43.94,0.0,175.76,0.0,175.76,21.27,85.08,90.68,0.5159,2,Not Returned
ORD100248,2024-11-19,2024-11-23,C0248,Lerato Mabena,Consumer,P1009,HDMI Cable,Technology,Accessories,Free State,Inland,Sasolburg,Corporate Account,Card,Collection,1,6.13,0.0,6.13,0.0,6.13,2.99,2.99,3.14,0.5122,4,Not Returned
ORD100249,2025-06-26,2025-06-30,C0124,Brian Mokoena,Consumer,P1015,Desk Organiser,Office Supplies,Desk Accessories,Northern Cape,Inland,Upington,Corporate Account,EFT,Same Day,2,12.64,0.15,25.28,3.79,21.49,7.1,14.2,7.29,0.3392,4,Not Returned
ORD100250,2025-08-26,2025-08-29,C0370,Sibusiso Patel,Consumer,P1024,Reception Chair,Furniture,Chairs,Limpopo,Inland,Tzaneen,Retail Store,Card,Collection,1,50.71,0.1,50.71,5.07,45.64,36.37,36.37,9.27,0.2031,3,Not Returned
ORD100251,2025-12-20,2025-12-23,C0451,Precious Sibanda,Consumer,P1031,Corporate Shirt,Apparel,Workwear,Western Cape,Coastal,Bellville,Online,EFT,Same Day,1,17.44,0.0,17.44,0.0,17.44,7.24,7.24,10.2,0.5849,3,Not Returned
ORD100252,2024-04-28,2024-04-30,C0149,Lerato Mokoena,Small Business,P1015,Desk Organiser,Office Supplies,Desk Accessories,Eastern Cape,Coastal,Gqeberha,Online,Card,Collection,1,13.66,0.0,13.66,0.0,13.66,7.34,7.34,6.32,0.4627,2,Not Returned
ORD100253,2023-01-19,2023-01-25,C0381,Kabelo Sibanda,Consumer,P1008,External SSD 1TB,Technology,Storage,Western Cape,Coastal,George,Retail Store,Card,Collection,2,79.64,0.0,159.28,0.0,159.28,48.46,96.92,62.36,0.3915,6,Not Returned
ORD100254,2025-06-28,2025-06-30,C0154,Nandi Nkosi,Small Business,P1007,USB-C Dock,Technology,Accessories,Western Cape,Coastal,Stellenbosch,Call Centre,EFT,Standard,1,85.25,0.15,85.25,12.79,72.46,52.51,52.51,19.95,0.2753,2,Not Returned
ORD100255,2023-11-12,2023-11-13,C0321,Chipo Nkosi,Consumer,P1003,Business Laptop 15,Technology,Laptops,North West,Inland,Klerksdorp,Online,Mobile Money,Collection,1,625.33,0.0,625.33,0.0,625.33,417.65,417.65,207.68,0.3321,1,Not Returned
ORD100256,2024-12-12,2024-12-15,C0028,Sibusiso Mahlangu,Corporate,P1020,Office Desk 1200mm,Furniture,Desks,Western Cape,Coastal,George,Retail Store,Card,Standard,1,190.58,0.15,190.58,28.59,161.99,131.34,131.34,30.65,0.1892,3,Not Returned
ORD100257,2023-03-22,2023-03-25,C0348,Tendai Mathebula,Consumer,P1007,USB-C Dock,Technology,Accessories,Gauteng,Inland,Johannesburg,Retail Store,Card,Standard,1,95.65,0.0,95.65,0.0,95.65,53.7,53.7,41.95,0.4386,3,Not Returned
ORD100258,2024-12-13,2024-12-14,C0357,Mpho Mahlangu,Small Business,P1019,Ergonomic Chair,Furniture,Chairs,Western Cape,Coastal,Stellenbosch,Retail Store,Cash,Standard,1,136.84,0.05,136.84,6.84,130.0,97.45,97.45,32.55,0.2504,1,Not Returned
ORD100259,2024-11-04,2024-11-11,C0430,Blessing Naidoo,Consumer,P1013,Printer Toner Black,Office Supplies,Printing,Gauteng,Inland,Midrand,Corporate Account,EFT,Express,1,62.57,0.1,62.57,6.26,56.31,47.37,47.37,8.94,0.1588,7,Not Returned
ORD100260,2023-02-08,2023-02-10,C0196,Amina Moyo,Consumer,P1022,Filing Cabinet 4 Drawer,Furniture,Storage,Northern Cape,Inland,Kimberley,Online,Card,Same Day,2,108.8,0.05,217.6,10.88,206.72,74.53,149.06,57.66,0.2789,2,Not Returned
ORD100261,2025-12-09,2025-12-15,C0065,Chipo Sibanda,Consumer,P1035,Rain Jacket,Apparel,Outerwear,Eastern Cape,Coastal,East London,Online,Card,Standard,2,38.39,0.0,76.78,0.0,76.78,20.95,41.9,34.88,0.4543,6,Not Returned
ORD100262,2023-07-23,2023-07-27,C0105,Zanele Maseko,Corporate,P1011,Premium Notebook,Office Supplies,Paper & Stationery,Mpumalanga,Inland,Mbombela,Retail Store,Card,Express,2,4.77,0.1,9.54,0.95,8.59,2.53,5.06,3.53,0.4109,4,Not Returned
ORD100263,2025-03-06,2025-03-16,C0318,Nokuthula Patel,Consumer,P1008,External SSD 1TB,Technology,Storage,Gauteng,Inland,Midrand,Online,Card,Express,1,74.71,0.1,74.71,7.47,67.24,48.63,48.63,18.61,0.2768,10,Not Returned
ORD100264,2025-07-22,2025-07-27,C0498,Thabo Dube,Consumer,P1012,Ballpoint Pen Pack,Office Supplies,Paper & Stationery,Western Cape,Coastal,George,Online,Cash,Standard,3,4.14,0.0,12.42,0.0,12.42,2.03,6.09,6.33,0.5097,5,Not Returned
ORD100265,2025-05-01,2025-05-04,C0484,Nomsa Maseko,Corporate,P1027,Toaster 4 Slice,Home & Kitchen,Small Appliances,Limpopo,Inland,Polokwane,Retail Store,EFT,Express,3,39.36,0.1,118.08,11.81,106.27,23.65,70.95,35.32,0.3324,3,Returned
ORD100266,2025-07-05,2025-07-08,C0127,Nokuthula Dube,Corporate,P1001,Laptop Pro 14,Technology,Laptops,Western Cape,Coastal,Bellville,Retail Store,Card,Standard,2,683.91,0.0,1367.82,0.0,1367.82,449.7,899.4,468.42,0.3425,3,Not Returned
ORD100267,2024-05-24,2024-05-27,C0471,Nandi Moyo,Small Business,P1027,Toaster 4 Slice,Home & Kitchen,Small Appliances,Gauteng,Inland,Johannesburg,Retail Store,Cash,Express,2,41.64,0.0,83.28,0.0,83.28,22.22,44.44,38.84,0.4664,3,Not Returned
ORD100268,2025-01-03,2025-01-06,C0058,Tendai Mthembu,Corporate,P1025,Microwave 30L,Home & Kitchen,Appliances,Gauteng,Inland,Pretoria,Online,Cash,Standard,1,87.63,0.0,87.63,0.0,87.63,62.46,62.46,25.17,0.2872,3,Not Returned
ORD100269,2025-10-30,2025-11-03,C0410,Rumbidzai Mathebula,Corporate,P1002,Laptop Lite 13,Technology,Laptops,KwaZulu-Natal,Coastal,Umhlanga,Retail Store,Card,Standard,2,468.81,0.05,937.62,46.88,890.74,383.71,767.42,123.32,0.1384,4,Not Returned
ORD100270,2024-10-26,2024-11-01,C0399,Lerato Nkosi,Small Business,P1020,Office Desk 1200mm,Furniture,Desks,Western Cape,Coastal,Bellville,Corporate Account,Card,Standard,1,183.85,0.0,183.85,0.0,183.85,128.9,128.9,54.95,0.2989,6,Not Returned
ORD100271,2024-03-14,2024-03-17,C0407,Rumbidzai Gumede,Consumer,P1033,Reflective Jacket,Apparel,Workwear,KwaZulu-Natal,Coastal,Durban,Online,Card,Same Day,2,21.23,0.05,42.46,2.12,40.34,12.07,24.14,16.2,0.4016,3,Not Returned
ORD100272,2023-01-01,2023-01-06,C0308,Nokuthula Mthembu,Small Business,P1035,Rain Jacket,Apparel,Outerwear,KwaZulu-Natal,Coastal,Umhlanga,Online,Mobile Money,Standard,4,35.45,0.1,141.8,14.18,127.62,20.31,81.24,46.38,0.3634,5,Returned
ORD100273,2023-11-03,2023-11-04,C0117,Nokuthula Williams,Corporate,P1017,Lever Arch File Pack,Office Supplies,Filing,Western Cape,Coastal,George,Corporate Account,Mobile Money,Standard,10,7.64,0.05,76.4,3.82,72.58,3.96,39.6,32.98,0.4544,1,Not Returned
ORD100274,2024-12-15,2024-12-17,C0249,Amina Chuma,Consumer,P1009,HDMI Cable,Technology,Accessories,Eastern Cape,Coastal,East London,Corporate Account,Card,Standard,1,6.35,0.0,6.35,0.0,6.35,2.93,2.93,3.42,0.5386,2,Not Returned
ORD100275,2025-12-11,2025-12-14,C0334,Rumbidzai Nkosi,Consumer,P1027,Toaster 4 Slice,Home & Kitchen,Small Appliances,Eastern Cape,Coastal,Mthatha,Retail Store,Cash,Standard,2,35.74,0.0,71.48,0.0,71.48,23.87,47.74,23.74,0.3321,3,Not Returned
ORD100276,2023-07-15,2023-07-17,C0490,Tendai Ndlovu,Consumer,P1035,Rain Jacket,Apparel,Outerwear,Mpumalanga,Inland,Emalahleni,Retail Store,Card,Standard,1,33.91,0.0,33.91,0.0,33.91,20.44,20.44,13.47,0.3972,2,Not Returned
ORD100277,2024-11-15,2024-11-19,C0021,Farai Dube,Consumer,P1002,Laptop Lite 13,Technology,Laptops,Gauteng,Inland,Johannesburg,Corporate Account,Cash,Standard,1,442.26,0.15,442.26,66.34,375.92,358.2,358.2,17.72,0.0471,4,Not Returned
ORD100278,2023-01-24,2023-01-27,C0430,Blessing Naidoo,Consumer,P1015,Desk Organiser,Office Supplies,Desk Accessories,Gauteng,Inland,Midrand,Retail Store,Card,Express,5,12.55,0.1,62.75,6.28,56.47,7.02,35.1,21.37,0.3784,3,Returned
ORD100279,2024-10-31,2024-11-07,C0112,Nomsa Mabena,Consumer,P1022,Filing Cabinet 4 Drawer,Furniture,Storage,KwaZulu-Natal,Coastal,Umhlanga,Retail Store,Card,Standard,2,109.32,0.0,218.64,0.0,218.64,69.11,138.22,80.42,0.3678,7,Returned
ORD100280,2024-12-07,2024-12-09,C0443,Nomsa Mahlangu,Consumer,P1028,Air Fryer 5L,Home & Kitchen,Appliances,Gauteng,Inland,Johannesburg,Online,Card,Express,2,116.52,0.1,233.04,23.3,209.74,72.12,144.24,65.5,0.3123,2,Not Returned
ORD100281,2025-03-28,2025-03-31,C0154,Nandi Nkosi,Small Business,P1029,Cookware Set,Home & Kitchen,Cookware,Western Cape,Coastal,Stellenbosch,Retail Store,Cash,Standard,1,75.59,0.1,75.59,7.56,68.03,51.79,51.79,16.24,0.2387,3,Not Returned
ORD100282,2024-02-10,2024-02-13,C0166,Farai Ndlovu,Consumer,P1022,Filing Cabinet 4 Drawer,Furniture,Storage,Western Cape,Coastal,Bellville,Retail Store,Cash,Standard,2,110.57,0.0,221.14,0.0,221.14,66.84,133.68,87.46,0.3955,3,Not Returned
ORD100283,2023-05-27,2023-05-31,C0277,Rumbidzai Mthembu,Small Business,P1021,Boardroom Table,Furniture,Tables,Western Cape,Coastal,Cape Town,Retail Store,Card,Standard,1,476.45,0.0,476.45,0.0,476.45,323.26,323.26,153.19,0.3215,4,Not Returned
ORD100284,2025-01-18,2025-01-20,C0159,Lerato Mokoena,Consumer,P1013,Printer Toner Black,Office Supplies,Printing,North West,Inland,Rustenburg,Online,Card,Same Day,1,69.78,0.0,69.78,0.0,69.78,46.86,46.86,22.92,0.3285,2,Not Returned
ORD100285,2025-06-24,2025-06-26,C0250,Kabelo Patel,Corporate,P1029,Cookware Set,Home & Kitchen,Cookware,North West,Inland,Mahikeng,Online,EFT,Standard,2,78.58,0.2,157.16,31.43,125.73,55.16,110.32,15.41,0.1226,2,Not Returned
ORD100286,2024-06-02,2024-06-04,C0429,Kabelo Chuma,Consumer,P1006,Keyboard Combo,Technology,Accessories,Gauteng,Inland,Soweto,Corporate Account,Cash,Standard,2,21.93,0.05,43.86,2.19,41.67,12.01,24.02,17.65,0.4236,2,Not Returned
ORD100287,2023-08-16,2023-08-20,C0432,Thabo Chuma,Small Business,P1009,HDMI Cable,Technology,Accessories,Gauteng,Inland,Midrand,Corporate Account,Card,Standard,4,6.2,0.0,24.8,0.0,24.8,3.2,12.8,12.0,0.4839,4,Not Returned
ORD100288,2024-06-13,2024-06-14,C0175,Nokuthula Mthembu,Consumer,P1032,Safety Shoes,Apparel,Footwear,Gauteng,Inland,Soweto,Retail Store,EFT,Standard,1,42.03,0.0,42.03,0.0,42.03,26.23,26.23,15.8,0.3759,1,Not Returned
ORD100289,2023-07-08,2023-07-09,C0353,Tariro Khumalo,Small Business,P1035,Rain Jacket,Apparel,Outerwear,Gauteng,Inland,Midrand,Retail Store,Card,Express,2,36.5,0.1,73.0,7.3,65.7,18.76,37.52,28.18,0.4289,1,Not Returned
ORD100290,2025-11-25,2025-11-29,C0453,Amina Mthembu,Consumer,P1033,Reflective Jacket,Apparel,Workwear,Western Cape,Coastal,Bellville,Corporate Account,Card,Collection,2,18.59,0.05,37.18,1.86,35.32,10.46,20.92,14.4,0.4077,4,Not Returned
ORD100291,2025-03-02,2025-03-12,C0195,Sibusiso Mahlangu,Corporate,P1026,Kettle Stainless Steel,Home & Kitchen,Small Appliances,Mpumalanga,Inland,Mbombela,Online,Card,Collection,3,26.41,0.05,79.23,3.96,75.27,14.23,42.69,32.58,0.4328,10,Not Returned
ORD100292,2025-07-03,2025-07-04,C0104,Nandi Moyo,Small Business,P1014,Ink Cartridge Colour,Office Supplies,Printing,KwaZulu-Natal,Coastal,Pinetown,Online,Card,Standard,3,28.22,0.0,84.66,0.0,84.66,19.48,58.44,26.22,0.3097,1,Not Returned
ORD100293,2024-11-14,2024-11-16,C0075,Zanele Gumede,Small Business,P1033,Reflective Jacket,Apparel,Workwear,KwaZulu-Natal,Coastal,Umhlanga,Retail Store,Card,Standard,2,19.12,0.05,38.24,1.91,36.33,11.54,23.08,13.25,0.3647,2,Returned
ORD100294,2025-10-23,2025-10-28,C0341,Blessing Naidoo,Corporate,P1024,Reception Chair,Furniture,Chairs,Gauteng,Inland,Pretoria,Online,Mobile Money,Same Day,3,56.14,0.0,168.42,0.0,168.42,33.97,101.91,66.51,0.3949,5,Not Returned
ORD100295,2024-07-27,2024-08-06,C0301,Blessing Mathebula,Consumer,P1034,Laptop Backpack,Apparel,Bags,Northern Cape,Inland,Kimberley,Online,Cash,Standard,5,32.18,0.05,160.9,8.04,152.86,17.1,85.5,67.36,0.4407,10,Not Returned
ORD100296,2024-04-10,2024-04-14,C0213,Brian Sibanda,Small Business,P1021,Boardroom Table,Furniture,Tables,Western Cape,Coastal,George,Online,EFT,Standard,1,444.47,0.1,444.47,44.45,400.02,322.6,322.6,77.42,0.1935,4,Not Returned
ORD100297,2025-07-13,2025-07-18,C0003,Nokuthula Mathebula,Corporate,P1029,Cookware Set,Home & Kitchen,Cookware,KwaZulu-Natal,Coastal,Pinetown,Corporate Account,Card,Express,3,75.27,0.0,225.81,0.0,225.81,47.34,142.02,83.79,0.3711,5,Not Returned
ORD100298,2025-12-08,2025-12-15,C0427,Nandi Mabena,Consumer,P1022,Filing Cabinet 4 Drawer,Furniture,Storage,KwaZulu-Natal,Coastal,Pietermaritzburg,Online,Mobile Money,Collection,2,103.45,0.0,206.9,0.0,206.9,64.58,129.16,77.74,0.3757,7,Not Returned
ORD100299,2023-06-24,2023-06-28,C0218,Amina Moyo,Consumer,P1004,Chromebook Edu,Technology,Laptops,KwaZulu-Natal,Coastal,Pinetown,Retail Store,Cash,Collection,1,298.89,0.2,298.89,59.78,239.11,231.51,231.51,7.6,0.0318,4,Not Returned
ORD100300,2025-04-27,2025-05-03,C0440,Farai Khumalo,Small Business,P1017,Lever Arch File Pack,Office Supplies,Filing,Northern Cape,Inland,Upington,Corporate Account,EFT,Express,2,7.79,0.1,15.58,1.56,14.02,4.19,8.38,5.64,0.4023,6,Not Returned
ORD100301,2023-11-08,2023-11-14,C0335,Nokuthula Ndlovu,Corporate,P1007,USB-C Dock,Technology,Accessories,Gauteng,Inland,Midrand,Corporate Account,EFT,Standard,2,81.59,0.0,163.18,0.0,163.18,56.14,112.28,50.9,0.3119,6,Not Returned
ORD100302,2024-04-17,2024-04-20,C0247,Farai Ndlovu,Small Business,P1013,Printer Toner Black,Office Supplies,Printing,Eastern Cape,Coastal,Gqeberha,Online,Cash,Standard,1,60.96,0.15,60.96,9.14,51.82,46.31,46.31,5.51,0.1063,3,Returned
ORD100303,2025-08-18,2025-08-22,C0180,Chipo Chuma,Small Business,P1015,Desk Organiser,Office Supplies,Desk Accessories,Western Cape,Coastal,Cape Town,Retail Store,Card,Standard,5,12.98,0.1,64.9,6.49,58.41,7.23,36.15,22.26,0.3811,4,Not Returned
ORD100304,2023-03-08,2023-03-13,C0090,Tariro Gumede,Consumer,P1006,Keyboard Combo,Technology,Accessories,Western Cape,Coastal,Cape Town,Online,Cash,Same Day,1,20.36,0.0,20.36,0.0,20.36,13.03,13.03,7.33,0.36,5,Not Returned
ORD100305,2025-12-17,2025-12-20,C0441,Brian Sibanda,Consumer,P1034,Laptop Backpack,Apparel,Bags,Gauteng,Inland,Midrand,Retail Store,Card,Standard,1,30.1,0.15,30.1,4.51,25.59,17.36,17.36,8.23,0.3216,3,Not Returned
ORD100306,2023-03-27,2023-03-30,C0158,Brian Ndlovu,Consumer,P1023,Bookshelf 5 Tier,Furniture,Storage,Northern Cape,Inland,Upington,Online,Mobile Money,Express,1,70.27,0.0,70.27,0.0,70.27,54.63,54.63,15.64,0.2226,3,Not Returned
ORD100307,2025-12-11,2025-12-15,C0372,Amina Mathebula,Consumer,P1007,USB-C Dock,Technology,Accessories,KwaZulu-Natal,Coastal,Pinetown,Online,Card,Collection,1,92.81,0.0,92.81,0.0,92.81,56.63,56.63,36.18,0.3898,4,Returned
ORD100308,2024-05-18,2024-05-19,C0020,Mpho Moyo,Corporate,P1006,Keyboard Combo,Technology,Accessories,Gauteng,Inland,Soweto,Online,Cash,Same Day,2,23.01,0.2,46.02,9.2,36.82,12.97,25.94,10.88,0.2955,1,Returned
ORD100309,2024-01-24,2024-01-25,C0006,Thabo Mabena,Consumer,P1011,Premium Notebook,Office Supplies,Paper & Stationery,Mpumalanga,Inland,Middelburg,Corporate Account,Card,Standard,4,4.82,0.05,19.28,0.96,18.32,2.47,9.88,8.44,0.4607,1,Not Returned
ORD100310,2023-04-22,2023-04-23,C0096,Rumbidzai Mabena,Corporate,P1017,Lever Arch File Pack,Office Supplies,Filing,Eastern Cape,Coastal,Gqeberha,Retail Store,Card,Standard,3,7.26,0.1,21.78,2.18,19.6,4.15,12.45,7.15,0.3648,1,Not Returned
ORD100311,2024-01-04,2024-01-07,C0402,Amina Mahlangu,Consumer,P1016,Stapler Heavy Duty,Office Supplies,Desk Accessories,Western Cape,Coastal,Bellville,Online,Card,Standard,2,8.26,0.0,16.52,0.0,16.52,4.46,8.92,7.6,0.46,3,Not Returned
ORD100312,2024-01-02,2024-01-05,C0321,Chipo Nkosi,Consumer,P1010,A4 Copy Paper Box,Office Supplies,Paper & Stationery,North West,Inland,Klerksdorp,Corporate Account,Card,Standard,5,26.32,0.0,131.6,0.0,131.6,15.46,77.3,54.3,0.4126,3,Not Returned
ORD100313,2023-12-02,2023-12-05,C0203,Thabo Chuma,Corporate,P1033,Reflective Jacket,Apparel,Workwear,Gauteng,Inland,Soweto,Retail Store,Card,Standard,2,19.34,0.05,38.68,1.93,36.75,11.17,22.34,14.41,0.3921,3,Not Returned
ORD100314,2025-02-25,2025-02-27,C0463,Kabelo Dube,Consumer,P1023,Bookshelf 5 Tier,Furniture,Storage,Mpumalanga,Inland,Middelburg,Online,Card,Express,1,79.93,0.0,79.93,0.0,79.93,53.93,53.93,26.0,0.3253,2,Not Returned
ORD100315,2024-11-17,2024-11-20,C0273,Sibusiso Moyo,Corporate,P1018,Whiteboard Marker Set,Office Supplies,Presentation,KwaZulu-Natal,Coastal,Pietermaritzburg,Corporate Account,Card,Express,5,7.99,0.0,39.95,0.0,39.95,3.85,19.25,20.7,0.5181,3,Not Returned
ORD100316,2025-05-09,2025-05-12,C0204,Nandi Chuma,Consumer,P1001,Laptop Pro 14,Technology,Laptops,KwaZulu-Natal,Coastal,Umhlanga,Online,Card,Collection,2,585.19,0.0,1170.38,0.0,1170.38,460.65,921.3,249.08,0.2128,3,Not Returned
ORD100317,2023-11-02,2023-11-05,C0227,Sibusiso Mthembu,Consumer,P1013,Printer Toner Black,Office Supplies,Printing,Limpopo,Inland,Polokwane,Retail Store,Card,Collection,4,62.39,0.05,249.56,12.48,237.08,45.83,183.32,53.76,0.2268,3,Not Returned
ORD100318,2024-12-28,2024-12-31,C0288,Chipo Williams,Consumer,P1022,Filing Cabinet 4 Drawer,Furniture,Storage,Free State,Inland,Bloemfontein,Retail Store,Card,Standard,1,108.42,0.05,108.42,5.42,103.0,71.54,71.54,31.46,0.3054,3,Returned
ORD100319,2023-07-08,2023-07-12,C0100,Nokuthula Maseko,Small Business,P1003,Business Laptop 15,Technology,Laptops,Eastern Cape,Coastal,Gqeberha,Corporate Account,EFT,Collection,3,645.78,0.0,1937.34,0.0,1937.34,445.17,1335.51,601.83,0.3106,4,Returned
ORD100320,2024-09-03,2024-09-06,C0316,Farai Mthembu,Small Business,P1029,Cookware Set,Home & Kitchen,Cookware,Gauteng,Inland,Soweto,Call Centre,Card,Standard,1,79.42,0.05,79.42,3.97,75.45,53.44,53.44,22.01,0.2917,3,Not Returned
ORD100321,2023-12-30,2023-12-31,C0420,Nandi Patel,Small Business,P1028,Air Fryer 5L,Home & Kitchen,Appliances,Free State,Inland,Welkom,Online,Cash,Standard,1,106.61,0.0,106.61,0.0,106.61,73.54,73.54,33.07,0.3102,1,Not Returned
ORD100322,2025-02-15,2025-02-16,C0437,Lerato Patel,Consumer,P1030,Dinner Set 16 Piece,Home & Kitchen,Dining,North West,Inland,Mahikeng,Online,Card,Standard,5,39.98,0.0,199.9,0.0,199.9,25.25,126.25,73.65,0.3684,1,Not Returned
ORD100323,2024-07-16,2024-07-19,C0457,Sipho Khumalo,Consumer,P1032,Safety Shoes,Apparel,Footwear,Western Cape,Coastal,Stellenbosch,Online,Card,Express,3,42.17,0.0,126.51,0.0,126.51,27.58,82.74,43.77,0.346,3,Not Returned
ORD100324,2025-12-19,2025-12-21,C0203,Thabo Chuma,Corporate,P1002,Laptop Lite 13,Technology,Laptops,Gauteng,Inland,Soweto,Call Centre,Mobile Money,Standard,2,466.06,0.0,932.12,0.0,932.12,364.38,728.76,203.36,0.2182,2,Not Returned
ORD100325,2024-10-10,2024-10-12,C0056,Mpho Khumalo,Corporate,P1005,Wireless Mouse,Technology,Accessories,KwaZulu-Natal,Coastal,Pinetown,Online,EFT,Standard,4,10.6,0.1,42.4,4.24,38.16,4.85,19.4,18.76,0.4916,2,Not Returned
ORD100326,2025-10-16,2025-10-19,C0177,Nomsa Ndlovu,Corporate,P1007,USB-C Dock,Technology,Accessories,Free State,Inland,Bloemfontein,Retail Store,Mobile Money,Standard,1,86.43,0.1,86.43,8.64,77.79,52.0,52.0,25.79,0.3315,3,Not Returned
ORD100327,2023-02-19,2023-02-23,C0470,Brian Gumede,Corporate,P1026,Kettle Stainless Steel,Home & Kitchen,Small Appliances,Western Cape,Coastal,Bellville,Online,EFT,Standard,2,23.07,0.2,46.14,9.23,36.91,14.52,29.04,7.87,0.2132,4,Not Returned
ORD100328,2023-04-04,2023-04-08,C0308,Nokuthula Mthembu,Small Business,P1010,A4 Copy Paper Box,Office Supplies,Paper & Stationery,KwaZulu-Natal,Coastal,Umhlanga,Online,Card,Standard,3,26.12,0.05,78.36,3.92,74.44,15.36,46.08,28.36,0.381,4,Not Returned
ORD100329,2023-05-19,2023-05-21,C0143,Nomsa Maseko,Consumer,P1020,Office Desk 1200mm,Furniture,Desks,Western Cape,Coastal,Stellenbosch,Online,EFT,Standard,1,177.15,0.0,177.15,0.0,177.15,118.85,118.85,58.3,0.3291,2,Not Returned
ORD100330,2023-03-01,2023-03-05,C0034,Lerato Gumede,Consumer,P1029,Cookware Set,Home & Kitchen,Cookware,Western Cape,Coastal,Cape Town,Call Centre,Card,Standard,5,76.71,0.0,383.55,0.0,383.55,49.34,246.7,136.85,0.3568,4,Not Returned
ORD100331,2023-03-14,2023-03-20,C0059,Chipo Mthembu,Small Business,P1009,HDMI Cable,Technology,Accessories,Mpumalanga,Inland,Mbombela,Corporate Account,EFT,Standard,2,6.31,0.1,12.62,1.26,11.36,2.93,5.86,5.5,0.4842,6,Not Returned
ORD100332,2025-04-27,2025-05-03,C0220,Nandi Maseko,Small Business,P1010,A4 Copy Paper Box,Office Supplies,Paper & Stationery,Gauteng,Inland,Johannesburg,Retail Store,EFT,Express,10,26.26,0.05,262.6,13.13,249.47,14.51,145.1,104.37,0.4184,6,Not Returned
ORD100333,2024-11-16,2024-11-22,C0267,Farai Dube,Small Business,P1033,Reflective Jacket,Apparel,Workwear,Eastern Cape,Coastal,Gqeberha,Online,Mobile Money,Express,3,20.8,0.0,62.4,0.0,62.4,11.52,34.56,27.84,0.4462,6,Not Returned
ORD100334,2023-12-06,2023-12-10,C0276,Brian Ndlovu,Corporate,P1027,Toaster 4 Slice,Home & Kitchen,Small Appliances,Northern Cape,Inland,Upington,Corporate Account,Cash,Express,5,37.78,0.1,188.9,18.89,170.01,22.92,114.6,55.41,0.3259,4,Not Returned
ORD100335,2024-10-06,2024-10-11,C0108,Tariro Nkosi,Consumer,P1003,Business Laptop 15,Technology,Laptops,Northern Cape,Inland,Upington,Corporate Account,Card,Collection,1,643.5,0.05,643.5,32.18,611.32,419.36,419.36,191.96,0.314,5,Not Returned
ORD100336,2023-11-23,2023-11-27,C0367,Sibusiso Nkosi,Small Business,P1027,Toaster 4 Slice,Home & Kitchen,Small Appliances,Mpumalanga,Inland,Mbombela,Corporate Account,Mobile Money,Standard,2,33.67,0.05,67.34,3.37,63.97,23.07,46.14,17.83,0.2787,4,Not Returned
ORD100337,2023-02-21,2023-02-25,C0213,Brian Sibanda,Small Business,P1002,Laptop Lite 13,Technology,Laptops,Western Cape,Coastal,George,Online,EFT,Collection,3,526.84,0.0,1580.52,0.0,1580.52,361.48,1084.44,496.08,0.3139,4,Not Returned
ORD100338,2024-09-27,2024-09-30,C0324,Amina Naidoo,Corporate,P1009,HDMI Cable,Technology,Accessories,Free State,Inland,Welkom,Corporate Account,Mobile Money,Express,1,6.3,0.2,6.3,1.26,5.04,2.89,2.89,2.15,0.4266,3,Not Returned
ORD100339,2024-06-29,2024-07-01,C0412,Precious Patel,Consumer,P1022,Filing Cabinet 4 Drawer,Furniture,Storage,KwaZulu-Natal,Coastal,Umhlanga,Online,Card,Standard,1,105.2,0.05,105.2,5.26,99.94,70.62,70.62,29.32,0.2934,2,Not Returned
ORD100340,2023-06-28,2023-07-03,C0454,Brian Mthembu,Consumer,P1013,Printer Toner Black,Office Supplies,Printing,Western Cape,Coastal,Stellenbosch,Corporate Account,Cash,Standard,3,62.99,0.05,188.97,9.45,179.52,42.05,126.15,53.37,0.2973,5,Not Returned
ORD100341,2024-10-01,2024-10-05,C0018,Precious Nkosi,Consumer,P1020,Office Desk 1200mm,Furniture,Desks,Gauteng,Inland,Johannesburg,Online,EFT,Collection,1,180.1,0.15,180.1,27.01,153.09,132.35,132.35,20.74,0.1355,4,Not Returned
ORD100342,2023-08-29,2023-09-01,C0168,Thabo Mabena,Corporate,P1011,Premium Notebook,Office Supplies,Paper & Stationery,Gauteng,Inland,Pretoria,Call Centre,EFT,Standard,2,4.86,0.15,9.72,1.46,8.26,2.42,4.84,3.42,0.414,3,Not Returned
ORD100343,2024-12-18,2024-12-28,C0486,Farai Moyo,Small Business,P1004,Chromebook Edu,Technology,Laptops,Mpumalanga,Inland,Mbombela,Corporate Account,EFT,Standard,1,329.98,0.1,329.98,33.0,296.98,220.42,220.42,76.56,0.2578,10,Not Returned
ORD100344,2024-09-29,2024-10-03,C0438,Kudzai Mabena,Small Business,P1004,Chromebook Edu,Technology,Laptops,Western Cape,Coastal,George,Online,Card,Express,1,329.16,0.0,329.16,0.0,329.16,217.27,217.27,111.89,0.3399,4,Not Returned
ORD100345,2023-08-05,2023-08-09,C0305,Farai Maseko,Consumer,P1029,Cookware Set,Home & Kitchen,Cookware,Eastern Cape,Coastal,East London,Retail Store,Mobile Money,Express,2,76.38,0.05,152.76,7.64,145.12,55.12,110.24,34.88,0.2404,4,Not Returned
ORD100346,2025-07-02,2025-07-03,C0258,Kudzai Williams,Small Business,P1009,HDMI Cable,Technology,Accessories,Mpumalanga,Inland,Mbombela,Retail Store,EFT,Standard,2,6.67,0.05,13.34,0.67,12.67,3.23,6.46,6.21,0.4901,1,Not Returned
ORD100347,2025-08-11,2025-08-15,C0462,Brian Mathebula,Small Business,P1004,Chromebook Edu,Technology,Laptops,Gauteng,Inland,Midrand,Retail Store,Card,Standard,2,312.96,0.0,625.92,0.0,625.92,219.06,438.12,187.8,0.3,4,Not Returned
ORD100348,2025-08-11,2025-08-12,C0050,Thabo Sibanda,Consumer,P1026,Kettle Stainless Steel,Home & Kitchen,Small Appliances,Gauteng,Inland,Soweto,Corporate Account,Card,Standard,1,25.61,0.05,25.61,1.28,24.33,13.64,13.64,10.69,0.4394,1,Not Returned
ORD100349,2024-01-11,2024-01-16,C0286,Precious Naidoo,Small Business,P1006,Keyboard Combo,Technology,Accessories,Free State,Inland,Bloemfontein,Corporate Account,Card,Standard,1,22.36,0.0,22.36,0.0,22.36,12.9,12.9,9.46,0.4231,5,Not Returned
ORD100350,2024-12-29,2025-01-01,C0229,Nandi Mabena,Corporate,P1009,HDMI Cable,Technology,Accessories,Western Cape,Coastal,Cape Town,Online,EFT,Standard,1,6.17,0.1,6.17,0.62,5.55,2.84,2.84,2.71,0.4883,3,Not Returned
ORD100351,2025-04-10,2025-04-20,C0410,Rumbidzai Mathebula,Corporate,P1014,Ink Cartridge Colour,Office Supplies,Printing,KwaZulu-Natal,Coastal,Umhlanga,Retail Store,Cash,Standard,10,28.16,0.1,281.6,28.16,253.44,20.41,204.1,49.34,0.1947,10,Not Returned
ORD100352,2025-03-31,2025-04-05,C0306,Sibusiso Khumalo,Small Business,P1027,Toaster 4 Slice,Home & Kitchen,Small Appliances,Gauteng,Inland,Johannesburg,Online,EFT,Standard,1,40.62,0.0,40.62,0.0,40.62,22.72,22.72,17.9,0.4407,5,Not Returned
ORD100353,2024-03-02,2024-03-06,C0128,Precious Mabena,Consumer,P1008,External SSD 1TB,Technology,Storage,Western Cape,Coastal,Stellenbosch,Retail Store,Cash,Standard,2,72.8,0.0,145.6,0.0,145.6,45.85,91.7,53.9,0.3702,4,Not Returned
ORD100354,2025-06-14,2025-06-15,C0422,Sibusiso Chuma,Consumer,P1010,A4 Copy Paper Box,Office Supplies,Paper & Stationery,Free State,Inland,Sasolburg,Retail Store,Card,Standard,1,24.21,0.0,24.21,0.0,24.21,15.46,15.46,8.75,0.3614,1,Not Returned
ORD100355,2023-12-09,2023-12-12,C0086,Brian Mokoena,Consumer,P1021,Boardroom Table,Furniture,Tables,Gauteng,Inland,Soweto,Retail Store,Cash,Standard,3,446.17,0.1,1338.51,133.85,1204.66,297.72,893.16,311.5,0.2586,3,Not Returned
ORD100356,2025-07-13,2025-07-19,C0395,Zanele Chuma,Consumer,P1025,Microwave 30L,Home & Kitchen,Appliances,Limpopo,Inland,Polokwane,Online,Card,Standard,1,93.9,0.0,93.9,0.0,93.9,67.56,67.56,26.34,0.2805,6,Not Returned
ORD100357,2025-12-24,2025-12-26,C0363,Nandi Moyo,Consumer,P1016,Stapler Heavy Duty,Office Supplies,Desk Accessories,Western Cape,Coastal,Bellville,Online,Cash,Standard,1,8.99,0.0,8.99,0.0,8.99,4.82,4.82,4.17,0.4638,2,Not Returned
ORD100358,2024-09-15,2024-09-20,C0399,Lerato Nkosi,Small Business,P1007,USB-C Dock,Technology,Accessories,Western Cape,Coastal,Bellville,Corporate Account,Mobile Money,Express,2,86.81,0.0,173.62,0.0,173.62,51.63,103.26,70.36,0.4053,5,Not Returned
ORD100359,2025-11-11,2025-11-16,C0080,Nandi Mahlangu,Corporate,P1034,Laptop Backpack,Apparel,Bags,Western Cape,Coastal,Stellenbosch,Online,EFT,Standard,3,29.82,0.0,89.46,0.0,89.46,16.86,50.58,38.88,0.4346,5,Not Returned
ORD100360,2023-11-04,2023-11-06,C0157,Brian Mabena,Consumer,P1032,Safety Shoes,Apparel,Footwear,Eastern Cape,Coastal,Mthatha,Online,Card,Standard,4,42.73,0.05,170.92,8.55,162.37,26.0,104.0,58.37,0.3595,2,Not Returned
ORD100361,2025-02-20,2025-02-23,C0059,Chipo Mthembu,Small Business,P1009,HDMI Cable,Technology,Accessories,Mpumalanga,Inland,Mbombela,Online,EFT,Collection,2,5.99,0.0,11.98,0.0,11.98,2.91,5.82,6.16,0.5142,3,Not Returned
ORD100362,2025-01-07,2025-01-08,C0433,Thabo Sibanda,Corporate,P1008,External SSD 1TB,Technology,Storage,Gauteng,Inland,Midrand,Retail Store,Card,Standard,3,75.46,0.05,226.38,11.32,215.06,45.83,137.49,77.57,0.3607,1,Not Returned
ORD100363,2025-12-23,2025-12-26,C0135,Tendai Khumalo,Small Business,P1025,Microwave 30L,Home & Kitchen,Appliances,KwaZulu-Natal,Coastal,Umhlanga,Retail Store,Card,Standard,4,95.38,0.15,381.52,57.23,324.29,65.32,261.28,63.01,0.1943,3,Not Returned
ORD100364,2025-05-21,2025-05-22,C0001,Lerato Moyo,Corporate,P1020,Office Desk 1200mm,Furniture,Desks,Gauteng,Inland,Pretoria,Corporate Account,Card,Standard,1,199.03,0.2,199.03,39.81,159.22,124.26,124.26,34.96,0.2196,1,Not Returned
ORD100365,2025-05-19,2025-05-21,C0199,Amina Gumede,Corporate,P1020,Office Desk 1200mm,Furniture,Desks,Free State,Inland,Welkom,Online,EFT,Standard,2,192.33,0.05,384.66,19.23,365.43,122.0,244.0,121.43,0.3323,2,Not Returned
ORD100366,2025-06-13,2025-06-23,C0326,Kabelo Mathebula,Consumer,P1005,Wireless Mouse,Technology,Accessories,KwaZulu-Natal,Coastal,Durban,Retail Store,Mobile Money,Standard,2,9.51,0.0,19.02,0.0,19.02,4.94,9.88,9.14,0.4805,10,Not Returned
ORD100367,2025-12-14,2025-12-16,C0424,Nokuthula Maseko,Consumer,P1002,Laptop Lite 13,Technology,Laptops,Free State,Inland,Sasolburg,Retail Store,EFT,Express,1,494.88,0.0,494.88,0.0,494.88,368.17,368.17,126.71,0.256,2,Not Returned
ORD100368,2024-05-17,2024-05-19,C0039,Tariro Nkosi,Consumer,P1020,Office Desk 1200mm,Furniture,Desks,Limpopo,Inland,Polokwane,Online,EFT,Collection,3,185.65,0.05,556.95,27.85,529.1,129.79,389.37,139.73,0.2641,2,Not Returned
ORD100369,2024-10-01,2024-10-05,C0330,Amina Mathebula,Consumer,P1012,Ballpoint Pen Pack,Office Supplies,Paper & Stationery,North West,Inland,Mahikeng,Online,Card,Collection,1,3.74,0.0,3.74,0.0,3.74,1.77,1.77,1.97,0.5267,4,Not Returned
ORD100370,2024-11-09,2024-11-16,C0303,Sibusiso Patel,Corporate,P1025,Microwave 30L,Home & Kitchen,Appliances,Gauteng,Inland,Soweto,Online,Mobile Money,Express,4,92.44,0.05,369.76,18.49,351.27,69.15,276.6,74.67,0.2126,7,Not Returned
ORD100371,2025-12-13,2025-12-17,C0401,Rumbidzai Naidoo,Corporate,P1003,Business Laptop 15,Technology,Laptops,KwaZulu-Natal,Coastal,Pinetown,Call Centre,Cash,Express,1,599.75,0.1,599.75,59.98,539.77,406.8,406.8,132.97,0.2463,4,Returned
ORD100372,2024-08-10,2024-08-13,C0005,Tariro Chuma,Consumer,P1006,Keyboard Combo,Technology,Accessories,Gauteng,Inland,Soweto,Corporate Account,Card,Express,1,23.09,0.0,23.09,0.0,23.09,13.31,13.31,9.78,0.4236,3,Returned
ORD100373,2024-07-17,2024-07-19,C0475,Nokuthula Williams,Small Business,P1001,Laptop Pro 14,Technology,Laptops,Gauteng,Inland,Soweto,Online,EFT,Standard,1,684.0,0.0,684.0,0.0,684.0,499.48,499.48,184.52,0.2698,2,Not Returned
ORD100374,2025-07-03,2025-07-09,C0433,Thabo Sibanda,Corporate,P1028,Air Fryer 5L,Home & Kitchen,Appliances,Gauteng,Inland,Midrand,Online,Card,Standard,4,106.64,0.05,426.56,21.33,405.23,74.49,297.96,107.27,0.2647,6,Not Returned
ORD100375,2023-03-09,2023-03-19,C0041,Tariro Nkosi,Consumer,P1031,Corporate Shirt,Apparel,Workwear,Gauteng,Inland,Johannesburg,Corporate Account,Cash,Express,3,16.85,0.0,50.55,0.0,50.55,6.98,20.94,29.61,0.5858,10,Not Returned
ORD100376,2025-04-25,2025-04-28,C0340,Kabelo Chuma,Small Business,P1013,Printer Toner Black,Office Supplies,Printing,Western Cape,Coastal,George,Retail Store,Card,Express,1,69.05,0.0,69.05,0.0,69.05,44.89,44.89,24.16,0.3499,3,Not Returned
ORD100377,2023-11-15,2023-11-20,C0148,Sipho Williams,Corporate,P1002,Laptop Lite 13,Technology,Laptops,KwaZulu-Natal,Coastal,Durban,Retail Store,Card,Collection,4,492.32,0.0,1969.28,0.0,1969.28,331.75,1327.0,642.28,0.3261,5,Not Returned
ORD100378,2025-12-26,2025-12-31,C0061,Amina Sibanda,Small Business,P1005,Wireless Mouse,Technology,Accessories,Northern Cape,Inland,Kimberley,Online,EFT,Standard,2,10.71,0.0,21.42,0.0,21.42,5.11,10.22,11.2,0.5229,5,Not Returned
ORD100379,2024-08-14,2024-08-21,C0042,Sibusiso Ndlovu,Corporate,P1015,Desk Organiser,Office Supplies,Desk Accessories,Gauteng,Inland,Midrand,Call Centre,EFT,Standard,3,13.38,0.1,40.14,4.01,36.13,6.76,20.28,15.85,0.4387,7,Not Returned
ORD100380,2025-12-24,2025-12-27,C0374,Nandi Maseko,Consumer,P1012,Ballpoint Pen Pack,Office Supplies,Paper & Stationery,Western Cape,Coastal,Cape Town,Retail Store,Card,Standard,5,3.94,0.2,19.7,3.94,15.76,2.04,10.2,5.56,0.3528,3,Not Returned
ORD100381,2023-07-21,2023-07-23,C0225,Amina Naidoo,Consumer,P1018,Whiteboard Marker Set,Office Supplies,Presentation,Gauteng,Inland,Midrand,Retail Store,Card,Express,2,7.54,0.0,15.08,0.0,15.08,4.07,8.14,6.94,0.4602,2,Not Returned
ORD100382,2024-02-04,2024-02-08,C0494,Tendai Mabena,Corporate,P1018,Whiteboard Marker Set,Office Supplies,Presentation,Free State,Inland,Bloemfontein,Online,Card,Standard,1,8.09,0.05,8.09,0.4,7.69,4.04,4.04,3.65,0.4746,4,Not Returned
ORD100383,2025-06-08,2025-06-15,C0054,Brian Naidoo,Small Business,P1009,HDMI Cable,Technology,Accessories,Mpumalanga,Inland,Mbombela,Online,Card,Standard,1,5.62,0.1,5.62,0.56,5.06,3.05,3.05,2.01,0.3972,7,Not Returned
ORD100384,2023-02-18,2023-02-21,C0486,Farai Moyo,Small Business,P1025,Microwave 30L,Home & Kitchen,Appliances,Mpumalanga,Inland,Mbombela,Corporate Account,Card,Express,1,95.19,0.0,95.19,0.0,95.19,63.32,63.32,31.87,0.3348,3,Not Returned
ORD100385,2023-09-07,2023-09-12,C0218,Amina Moyo,Consumer,P1024,Reception Chair,Furniture,Chairs,KwaZulu-Natal,Coastal,Pinetown,Online,EFT,Collection,3,58.68,0.0,176.04,0.0,176.04,35.49,106.47,69.57,0.3952,5,Not Returned
ORD100386,2024-01-14,2024-01-20,C0292,Amina Mokoena,Consumer,P1005,Wireless Mouse,Technology,Accessories,Gauteng,Inland,Soweto,Retail Store,Mobile Money,Express,2,11.08,0.0,22.16,0.0,22.16,5.07,10.14,12.02,0.5424,6,Not Returned
ORD100387,2024-07-20,2024-07-23,C0113,Brian Mahlangu,Consumer,P1032,Safety Shoes,Apparel,Footwear,Gauteng,Inland,Soweto,Corporate Account,Card,Collection,4,39.27,0.0,157.08,0.0,157.08,26.34,105.36,51.72,0.3293,3,Not Returned
ORD100388,2024-07-21,2024-07-26,C0002,Lerato Maseko,Corporate,P1032,Safety Shoes,Apparel,Footwear,Gauteng,Inland,Johannesburg,Online,Mobile Money,Standard,1,46.47,0.15,46.47,6.97,39.5,26.09,26.09,13.41,0.3395,5,Not Returned
ORD100389,2025-07-17,2025-07-19,C0160,Amina Gumede,Small Business,P1025,Microwave 30L,Home & Kitchen,Appliances,Northern Cape,Inland,Kimberley,Online,EFT,Standard,1,92.77,0.0,92.77,0.0,92.77,61.64,61.64,31.13,0.3356,2,Not Returned
ORD100390,2023-08-06,2023-08-11,C0104,Nandi Moyo,Small Business,P1029,Cookware Set,Home & Kitchen,Cookware,KwaZulu-Natal,Coastal,Pinetown,Online,EFT,Standard,3,71.8,0.1,215.4,21.54,193.86,52.49,157.47,36.39,0.1877,5,Not Returned
ORD100391,2023-12-20,2023-12-23,C0130,Zanele Naidoo,Corporate,P1024,Reception Chair,Furniture,Chairs,Gauteng,Inland,Pretoria,Online,Card,Standard,4,54.86,0.1,219.44,21.94,197.5,36.47,145.88,51.62,0.2614,3,Returned
ORD100392,2024-11-06,2024-11-09,C0069,Farai Gumede,Corporate,P1019,Ergonomic Chair,Furniture,Chairs,KwaZulu-Natal,Coastal,Pinetown,Call Centre,EFT,Standard,2,141.5,0.15,283.0,42.45,240.55,96.99,193.98,46.57,0.1936,3,Not Returned
ORD100393,2023-05-24,2023-05-26,C0091,Tariro Mabena,Small Business,P1010,A4 Copy Paper Box,Office Supplies,Paper & Stationery,KwaZulu-Natal,Coastal,Durban,Corporate Account,EFT,Express,3,25.19,0.0,75.57,0.0,75.57,16.16,48.48,27.09,0.3585,2,Not Returned
ORD100394,2025-01-05,2025-01-07,C0312,Tendai Naidoo,Corporate,P1030,Dinner Set 16 Piece,Home & Kitchen,Dining,Free State,Inland,Welkom,Call Centre,EFT,Standard,1,44.59,0.15,44.59,6.69,37.9,22.74,22.74,15.16,0.4,2,Returned
ORD100395,2024-12-07,2024-12-13,C0026,Brian Maseko,Small Business,P1028,Air Fryer 5L,Home & Kitchen,Appliances,KwaZulu-Natal,Coastal,Pietermaritzburg,Online,Card,Standard,3,113.15,0.0,339.45,0.0,339.45,76.24,228.72,110.73,0.3262,6,Not Returned
ORD100396,2025-03-09,2025-03-15,C0238,Kudzai Chuma,Small Business,P1020,Office Desk 1200mm,Furniture,Desks,KwaZulu-Natal,Coastal,Pietermaritzburg,Online,EFT,Express,2,178.04,0.0,356.08,0.0,356.08,129.77,259.54,96.54,0.2711,6,Not Returned
ORD100397,2025-06-16,2025-06-19,C0197,Mpho Khumalo,Consumer,P1003,Business Laptop 15,Technology,Laptops,Limpopo,Inland,Polokwane,Corporate Account,EFT,Standard,3,520.91,0.15,1562.73,234.41,1328.32,433.2,1299.6,28.72,0.0216,3,Not Returned
ORD100398,2025-07-09,2025-07-11,C0249,Amina Chuma,Consumer,P1023,Bookshelf 5 Tier,Furniture,Storage,Eastern Cape,Coastal,East London,Online,Cash,Standard,1,83.87,0.1,83.87,8.39,75.48,54.91,54.91,20.57,0.2725,2,Not Returned
ORD100399,2024-03-09,2024-03-12,C0059,Chipo Mthembu,Small Business,P1021,Boardroom Table,Furniture,Tables,Mpumalanga,Inland,Mbombela,Retail Store,Cash,Standard,3,479.35,0.0,1438.05,0.0,1438.05,325.83,977.49,460.56,0.3203,3,Not Returned
ORD100400,2024-04-22,2024-04-29,C0370,Sibusiso Patel,Consumer,P1011,Premium Notebook,Office Supplies,Paper & Stationery,Limpopo,Inland,Tzaneen,Retail Store,Card,Collection,4,5.27,0.0,21.08,0.0,21.08,2.45,9.8,11.28,0.5351,7,Not Returned
ORD100401,2023-04-04,2023-04-10,C0237,Nandi Mokoena,Corporate,P1033,Reflective Jacket,Apparel,Workwear,Limpopo,Inland,Thohoyandou,Retail Store,Mobile Money,Collection,1,20.44,0.0,20.44,0.0,20.44,11.81,11.81,8.63,0.4222,6,Returned
ORD100402,2023-07-19,2023-07-21,C0416,Rumbidzai Khumalo,Consumer,P1002,Laptop Lite 13,Technology,Laptops,Mpumalanga,Inland,Middelburg,Corporate Account,Card,Standard,1,433.69,0.05,433.69,21.68,412.01,347.83,347.83,64.18,0.1558,2,Not Returned
ORD100403,2024-07-24,2024-07-27,C0291,Kabelo Mthembu,Corporate,P1004,Chromebook Edu,Technology,Laptops,Free State,Inland,Bloemfontein,Retail Store,Card,Standard,1,316.05,0.15,316.05,47.41,268.64,239.33,239.33,29.31,0.1091,3,Not Returned
ORD100404,2023-10-09,2023-10-11,C0202,Brian Mabena,Consumer,P1022,Filing Cabinet 4 Drawer,Furniture,Storage,Gauteng,Inland,Midrand,Retail Store,Card,Standard,1,113.8,0.0,113.8,0.0,113.8,67.21,67.21,46.59,0.4094,2,Not Returned
ORD100405,2023-10-17,2023-10-21,C0213,Brian Sibanda,Small Business,P1018,Whiteboard Marker Set,Office Supplies,Presentation,Western Cape,Coastal,George,Online,Card,Express,10,8.03,0.0,80.3,0.0,80.3,4.19,41.9,38.4,0.4782,4,Not Returned
ORD100406,2023-12-21,2023-12-27,C0146,Tendai Mahlangu,Consumer,P1006,Keyboard Combo,Technology,Accessories,Gauteng,Inland,Soweto,Online,Card,Standard,2,24.38,0.1,48.76,4.88,43.88,13.33,26.66,17.22,0.3924,6,Not Returned
ORD100407,2024-08-04,2024-08-10,C0006,Thabo Mabena,Consumer,P1031,Corporate Shirt,Apparel,Workwear,Mpumalanga,Inland,Middelburg,Retail Store,Card,Express,2,13.4,0.0,26.8,0.0,26.8,7.19,14.38,12.42,0.4634,6,Not Returned
ORD100408,2025-12-07,2025-12-10,C0266,Blessing Sibanda,Consumer,P1035,Rain Jacket,Apparel,Outerwear,Gauteng,Inland,Pretoria,Retail Store,EFT,Express,3,37.91,0.0,113.73,0.0,113.73,20.18,60.54,53.19,0.4677,3,Not Returned
ORD100409,2023-06-30,2023-07-04,C0324,Amina Naidoo,Corporate,P1027,Toaster 4 Slice,Home & Kitchen,Small Appliances,Free State,Inland,Welkom,Online,Card,Standard,3,41.74,0.0,125.22,0.0,125.22,23.68,71.04,54.18,0.4327,4,Not Returned
ORD100410,2025-12-21,2025-12-24,C0337,Nomsa Chuma,Consumer,P1025,Microwave 30L,Home & Kitchen,Appliances,Western Cape,Coastal,Bellville,Call Centre,EFT,Standard,1,93.54,0.05,93.54,4.68,88.86,57.85,57.85,31.01,0.349,3,Not Returned
ORD100411,2024-03-02,2024-03-09,C0048,Thabo Moyo,Consumer,P1003,Business Laptop 15,Technology,Laptops,Northern Cape,Inland,Kimberley,Retail Store,Mobile Money,Standard,2,600.57,0.05,1201.14,60.06,1141.08,447.41,894.82,246.26,0.2158,7,Not Returned
ORD100412,2023-06-07,2023-06-08,C0398,Sibusiso Mthembu,Consumer,P1018,Whiteboard Marker Set,Office Supplies,Presentation,Western Cape,Coastal,Stellenbosch,Retail Store,Card,Collection,2,7.79,0.0,15.58,0.0,15.58,3.65,7.3,8.28,0.5315,1,Not Returned
ORD100413,2025-06-09,2025-06-11,C0131,Thabo Khumalo,Consumer,P1008,External SSD 1TB,Technology,Storage,Western Cape,Coastal,Stellenbosch,Retail Store,Card,Collection,1,68.67,0.05,68.67,3.43,65.24,47.84,47.84,17.4,0.2667,2,Not Returned
ORD100414,2025-06-29,2025-07-02,C0370,Sibusiso Patel,Consumer,P1010,A4 Copy Paper Box,Office Supplies,Paper & Stationery,Limpopo,Inland,Tzaneen,Retail Store,Card,Collection,2,24.69,0.0,49.38,0.0,49.38,15.0,30.0,19.38,0.3925,3,Not Returned
ORD100415,2024-10-29,2024-10-31,C0456,Farai Dube,Corporate,P1030,Dinner Set 16 Piece,Home & Kitchen,Dining,Gauteng,Inland,Pretoria,Online,Mobile Money,Standard,1,41.22,0.1,41.22,4.12,37.1,23.28,23.28,13.82,0.3725,2,Not Returned
ORD100416,2023-12-19,2023-12-23,C0291,Kabelo Mthembu,Corporate,P1004,Chromebook Edu,Technology,Laptops,Free State,Inland,Bloemfontein,Online,Card,Standard,1,305.77,0.05,305.77,15.29,290.48,222.38,222.38,68.1,0.2344,4,Not Returned
ORD100417,2024-02-02,2024-02-04,C0223,Chipo Nkosi,Corporate,P1015,Desk Organiser,Office Supplies,Desk Accessories,Gauteng,Inland,Pretoria,Online,EFT,Standard,3,12.75,0.05,38.25,1.91,36.34,6.78,20.34,16.0,0.4403,2,Not Returned
ORD100418,2023-08-16,2023-08-22,C0370,Sibusiso Patel,Consumer,P1012,Ballpoint Pen Pack,Office Supplies,Paper & Stationery,Limpopo,Inland,Tzaneen,Online,Mobile Money,Express,3,3.9,0.0,11.7,0.0,11.7,1.95,5.85,5.85,0.5,6,Not Returned
ORD100419,2023-12-15,2023-12-18,C0028,Sibusiso Mahlangu,Corporate,P1034,Laptop Backpack,Apparel,Bags,Western Cape,Coastal,George,Online,EFT,Collection,2,30.48,0.1,60.96,6.1,54.86,17.35,34.7,20.16,0.3675,3,Not Returned
ORD100420,2024-03-19,2024-03-22,C0202,Brian Mabena,Consumer,P1027,Toaster 4 Slice,Home & Kitchen,Small Appliances,Gauteng,Inland,Midrand,Retail Store,Cash,Standard,4,38.33,0.05,153.32,7.67,145.65,22.43,89.72,55.93,0.384,3,Not Returned
ORD100421,2024-11-01,2024-11-03,C0349,Farai Nkosi,Consumer,P1005,Wireless Mouse,Technology,Accessories,Mpumalanga,Inland,Mbombela,Call Centre,Mobile Money,Collection,1,8.71,0.0,8.71,0.0,8.71,4.86,4.86,3.85,0.442,2,Not Returned
ORD100422,2025-05-05,2025-05-08,C0055,Tariro Naidoo,Consumer,P1025,Microwave 30L,Home & Kitchen,Appliances,Western Cape,Coastal,Bellville,Retail Store,Card,Standard,3,97.92,0.05,293.76,14.69,279.07,63.57,190.71,88.36,0.3166,3,Not Returned
ORD100423,2023-07-20,2023-07-24,C0247,Farai Ndlovu,Small Business,P1029,Cookware Set,Home & Kitchen,Cookware,Eastern Cape,Coastal,Gqeberha,Online,Cash,Collection,2,78.53,0.05,157.06,7.85,149.21,50.04,100.08,49.13,0.3293,4,Not Returned
ORD100424,2023-09-29,2023-10-06,C0145,Zanele Mathebula,Consumer,P1008,External SSD 1TB,Technology,Storage,Free State,Inland,Sasolburg,Online,EFT,Standard,2,76.72,0.0,153.44,0.0,153.44,49.22,98.44,55.0,0.3584,7,Not Returned
ORD100425,2025-07-29,2025-08-04,C0439,Kudzai Patel,Consumer,P1001,Laptop Pro 14,Technology,Laptops,KwaZulu-Natal,Coastal,Pietermaritzburg,Retail Store,Cash,Collection,1,632.4,0.0,632.4,0.0,632.4,471.04,471.04,161.36,0.2552,6,Returned
ORD100426,2025-11-21,2025-11-24,C0138,Farai Naidoo,Consumer,P1011,Premium Notebook,Office Supplies,Paper & Stationery,Gauteng,Inland,Johannesburg,Corporate Account,Card,Collection,2,5.8,0.0,11.6,0.0,11.6,2.45,4.9,6.7,0.5776,3,Not Returned
ORD100427,2024-11-12,2024-11-14,C0449,Kudzai Ndlovu,Corporate,P1018,Whiteboard Marker Set,Office Supplies,Presentation,Eastern Cape,Coastal,Mthatha,Retail Store,EFT,Express,3,8.61,0.1,25.83,2.58,23.25,3.86,11.58,11.67,0.5019,2,Not Returned
ORD100428,2024-02-29,2024-03-06,C0147,Brian Dube,Consumer,P1005,Wireless Mouse,Technology,Accessories,KwaZulu-Natal,Coastal,Pietermaritzburg,Retail Store,Card,Collection,2,11.1,0.0,22.2,0.0,22.2,4.85,9.7,12.5,0.5631,6,Not Returned
ORD100429,2025-01-15,2025-01-18,C0286,Precious Naidoo,Small Business,P1003,Business Laptop 15,Technology,Laptops,Free State,Inland,Bloemfontein,Retail Store,Card,Standard,2,649.05,0.1,1298.1,129.81,1168.29,414.81,829.62,338.67,0.2899,3,Not Returned
ORD100430,2023-05-18,2023-05-24,C0483,Kabelo Nkosi,Consumer,P1035,Rain Jacket,Apparel,Outerwear,KwaZulu-Natal,Coastal,Pinetown,Online,EFT,Express,4,32.07,0.05,128.28,6.41,121.87,19.45,77.8,44.07,0.3616,6,Not Returned
ORD100431,2024-03-05,2024-03-08,C0357,Mpho Mahlangu,Small Business,P1026,Kettle Stainless Steel,Home & Kitchen,Small Appliances,Western Cape,Coastal,Stellenbosch,Corporate Account,EFT,Standard,2,25.49,0.0,50.98,0.0,50.98,14.63,29.26,21.72,0.426,3,Not Returned
ORD100432,2024-11-28,2024-11-30,C0310,Chipo Maseko,Corporate,P1032,Safety Shoes,Apparel,Footwear,Gauteng,Inland,Pretoria,Online,Cash,Express,2,42.4,0.0,84.8,0.0,84.8,26.54,53.08,31.72,0.3741,2,Not Returned
ORD100433,2025-12-27,2025-12-31,C0452,Rumbidzai Nkosi,Consumer,P1013,Printer Toner Black,Office Supplies,Printing,Western Cape,Coastal,Cape Town,Retail Store,EFT,Same Day,3,62.81,0.0,188.43,0.0,188.43,43.63,130.89,57.54,0.3054,4,Not Returned
ORD100434,2023-12-12,2023-12-15,C0069,Farai Gumede,Corporate,P1027,Toaster 4 Slice,Home & Kitchen,Small Appliances,KwaZulu-Natal,Coastal,Pinetown,Online,Mobile Money,Standard,3,34.29,0.0,102.87,0.0,102.87,24.17,72.51,30.36,0.2951,3,Not Returned
ORD100435,2025-07-02,2025-07-12,C0120,Zanele Nkosi,Consumer,P1013,Printer Toner Black,Office Supplies,Printing,KwaZulu-Natal,Coastal,Umhlanga,Call Centre,Card,Standard,3,61.84,0.0,185.52,0.0,185.52,44.75,134.25,51.27,0.2764,10,Not Returned
ORD100436,2023-09-28,2023-09-29,C0379,Kabelo Mathebula,Consumer,P1019,Ergonomic Chair,Furniture,Chairs,Northern Cape,Inland,Kimberley,Online,Card,Standard,1,144.11,0.0,144.11,0.0,144.11,96.56,96.56,47.55,0.33,1,Not Returned
ORD100437,2024-04-20,2024-04-21,C0397,Kabelo Sibanda,Corporate,P1014,Ink Cartridge Colour,Office Supplies,Printing,Mpumalanga,Inland,Emalahleni,Retail Store,EFT,Collection,2,29.53,0.0,59.06,0.0,59.06,20.21,40.42,18.64,0.3156,1,Not Returned
ORD100438,2025-09-22,2025-09-28,C0192,Blessing Ndlovu,Consumer,P1031,Corporate Shirt,Apparel,Workwear,Gauteng,Inland,Johannesburg,Retail Store,Card,Standard,1,15.91,0.1,15.91,1.59,14.32,7.06,7.06,7.26,0.507,6,Not Returned
ORD100439,2023-11-30,2023-12-04,C0094,Brian Sibanda,Consumer,P1015,Desk Organiser,Office Supplies,Desk Accessories,Western Cape,Coastal,Stellenbosch,Corporate Account,Card,Standard,5,12.92,0.05,64.6,3.23,61.37,7.13,35.65,25.72,0.4191,4,Not Returned
ORD100440,2025-07-22,2025-07-25,C0145,Zanele Mathebula,Consumer,P1008,External SSD 1TB,Technology,Storage,Free State,Inland,Sasolburg,Retail Store,Card,Standard,1,75.82,0.0,75.82,0.0,75.82,45.73,45.73,30.09,0.3969,3,Not Returned
ORD100441,2023-06-06,2023-06-11,C0067,Sibusiso Chuma,Small Business,P1032,Safety Shoes,Apparel,Footwear,Gauteng,Inland,Soweto,Online,Card,Express,4,40.14,0.0,160.56,0.0,160.56,26.41,105.64,54.92,0.3421,5,Not Returned
ORD100442,2023-03-13,2023-03-15,C0468,Farai Mokoena,Corporate,P1029,Cookware Set,Home & Kitchen,Cookware,Limpopo,Inland,Polokwane,Retail Store,Card,Standard,1,73.02,0.2,73.02,14.6,58.42,48.27,48.27,10.15,0.1737,2,Not Returned
ORD100443,2023-02-21,2023-02-25,C0189,Nandi Patel,Small Business,P1020,Office Desk 1200mm,Furniture,Desks,Eastern Cape,Coastal,East London,Retail Store,Card,Standard,1,176.84,0.0,176.84,0.0,176.84,130.23,130.23,46.61,0.2636,4,Not Returned
ORD100444,2025-11-05,2025-11-09,C0483,Kabelo Nkosi,Consumer,P1019,Ergonomic Chair,Furniture,Chairs,KwaZulu-Natal,Coastal,Pinetown,Online,Mobile Money,Same Day,1,147.54,0.05,147.54,7.38,140.16,98.42,98.42,41.74,0.2978,4,Not Returned
ORD100445,2023-10-29,2023-11-02,C0279,Sipho Mokoena,Small Business,P1006,Keyboard Combo,Technology,Accessories,Western Cape,Coastal,Bellville,Online,Card,Standard,1,23.33,0.0,23.33,0.0,23.33,12.94,12.94,10.39,0.4453,4,Not Returned
ORD100446,2024-06-10,2024-06-14,C0438,Kudzai Mabena,Small Business,P1008,External SSD 1TB,Technology,Storage,Western Cape,Coastal,George,Online,Card,Standard,1,76.2,0.1,76.2,7.62,68.58,51.4,51.4,17.18,0.2505,4,Not Returned
ORD100447,2024-02-04,2024-02-06,C0185,Kudzai Sibanda,Corporate,P1006,Keyboard Combo,Technology,Accessories,KwaZulu-Natal,Coastal,Pinetown,Online,Card,Standard,2,24.39,0.0,48.78,0.0,48.78,12.82,25.64,23.14,0.4744,2,Not Returned
ORD100448,2025-07-01,2025-07-07,C0491,Lerato Khumalo,Consumer,P1009,HDMI Cable,Technology,Accessories,Gauteng,Inland,Midrand,Retail Store,EFT,Standard,3,5.96,0.2,17.88,3.58,14.3,2.86,8.58,5.72,0.4,6,Not Returned
ORD100449,2023-04-25,2023-04-28,C0246,Precious Khumalo,Consumer,P1020,Office Desk 1200mm,Furniture,Desks,North West,Inland,Mahikeng,Corporate Account,Card,Standard,3,168.89,0.0,506.67,0.0,506.67,135.51,406.53,100.14,0.1976,3,Not Returned
ORD100450,2024-08-05,2024-08-07,C0462,Brian Mathebula,Small Business,P1006,Keyboard Combo,Technology,Accessories,Gauteng,Inland,Midrand,Online,Cash,Standard,2,24.35,0.0,48.7,0.0,48.7,11.74,23.48,25.22,0.5179,2,Not Returned
ORD100451,2025-05-01,2025-05-05,C0338,Precious Nkosi,Small Business,P1013,Printer Toner Black,Office Supplies,Printing,Free State,Inland,Bloemfontein,Call Centre,Card,Collection,5,64.79,0.15,323.95,48.59,275.36,44.5,222.5,52.86,0.192,4,Not Returned
ORD100452,2023-10-13,2023-10-18,C0035,Lerato Ndlovu,Consumer,P1004,Chromebook Edu,Technology,Laptops,Western Cape,Coastal,Cape Town,Online,Mobile Money,Standard,2,319.91,0.1,639.82,63.98,575.84,222.17,444.34,131.5,0.2284,5,Not Returned
ORD100453,2023-12-12,2023-12-13,C0021,Farai Dube,Consumer,P1035,Rain Jacket,Apparel,Outerwear,Gauteng,Inland,Johannesburg,Online,Card,Standard,4,37.28,0.05,149.12,7.46,141.66,17.65,70.6,71.06,0.5016,1,Not Returned
ORD100454,2024-12-07,2024-12-14,C0443,Nomsa Mahlangu,Consumer,P1011,Premium Notebook,Office Supplies,Paper & Stationery,Gauteng,Inland,Johannesburg,Corporate Account,Cash,Standard,1,5.59,0.05,5.59,0.28,5.31,2.48,2.48,2.83,0.533,7,Returned
ORD100455,2025-08-07,2025-08-11,C0452,Rumbidzai Nkosi,Consumer,P1033,Reflective Jacket,Apparel,Workwear,Western Cape,Coastal,Cape Town,Online,EFT,Express,1,18.83,0.1,18.83,1.88,16.95,10.39,10.39,6.56,0.387,4,Not Returned
ORD100456,2023-09-12,2023-09-14,C0308,Nokuthula Mthembu,Small Business,P1016,Stapler Heavy Duty,Office Supplies,Desk Accessories,KwaZulu-Natal,Coastal,Umhlanga,Retail Store,EFT,Standard,2,8.71,0.0,17.42,0.0,17.42,4.65,9.3,8.12,0.4661,2,Not Returned
ORD100457,2023-09-02,2023-09-07,C0001,Lerato Moyo,Corporate,P1017,Lever Arch File Pack,Office Supplies,Filing,Gauteng,Inland,Pretoria,Online,EFT,Standard,5,7.69,0.1,38.45,3.85,34.6,4.07,20.35,14.25,0.4118,5,Not Returned
ORD100458,2024-06-12,2024-06-17,C0409,Kudzai Nkosi,Corporate,P1009,HDMI Cable,Technology,Accessories,Gauteng,Inland,Midrand,Online,Cash,Standard,2,6.21,0.1,12.42,1.24,11.18,3.05,6.1,5.08,0.4544,5,Not Returned
ORD100459,2023-06-19,2023-06-21,C0294,Nomsa Maseko,Corporate,P1010,A4 Copy Paper Box,Office Supplies,Paper & Stationery,KwaZulu-Natal,Coastal,Pinetown,Online,Card,Standard,3,24.76,0.05,74.28,3.71,70.57,14.55,43.65,26.92,0.3815,2,Not Returned
ORD100460,2025-05-09,2025-05-10,C0485,Precious Naidoo,Corporate,P1021,Boardroom Table,Furniture,Tables,Limpopo,Inland,Tzaneen,Retail Store,Mobile Money,Standard,1,461.94,0.15,461.94,69.29,392.65,316.29,316.29,76.36,0.1945,1,Not Returned
ORD100461,2024-01-11,2024-01-12,C0116,Brian Mokoena,Small Business,P1010,A4 Copy Paper Box,Office Supplies,Paper & Stationery,Gauteng,Inland,Pretoria,Online,Card,Collection,10,22.16,0.0,221.6,0.0,221.6,15.13,151.3,70.3,0.3172,1,Not Returned
ORD100462,2024-09-08,2024-09-11,C0132,Tendai Sibanda,Consumer,P1023,Bookshelf 5 Tier,Furniture,Storage,Gauteng,Inland,Midrand,Retail Store,Card,Standard,2,84.09,0.0,168.18,0.0,168.18,54.18,108.36,59.82,0.3557,3,Not Returned
ORD100463,2023-10-08,2023-10-11,C0254,Nokuthula Patel,Consumer,P1034,Laptop Backpack,Apparel,Bags,Gauteng,Inland,Johannesburg,Online,Mobile Money,Standard,1,28.62,0.1,28.62,2.86,25.76,16.36,16.36,9.4,0.3649,3,Not Returned
ORD100464,2023-11-13,2023-11-20,C0100,Nokuthula Maseko,Small Business,P1012,Ballpoint Pen Pack,Office Supplies,Paper & Stationery,Eastern Cape,Coastal,Gqeberha,Retail Store,EFT,Same Day,2,3.93,0.0,7.86,0.0,7.86,2.05,4.1,3.76,0.4784,7,Not Returned
ORD100465,2025-12-25,2025-12-27,C0329,Tendai Patel,Corporate,P1035,Rain Jacket,Apparel,Outerwear,Mpumalanga,Inland,Middelburg,Online,Mobile Money,Standard,3,36.13,0.05,108.39,5.42,102.97,20.22,60.66,42.31,0.4109,2,Not Returned
ORD100466,2023-09-26,2023-09-30,C0190,Tariro Naidoo,Consumer,P1026,Kettle Stainless Steel,Home & Kitchen,Small Appliances,Western Cape,Coastal,Stellenbosch,Online,Cash,Collection,1,24.01,0.0,24.01,0.0,24.01,14.56,14.56,9.45,0.3936,4,Not Returned
ORD100467,2025-12-07,2025-12-11,C0029,Precious Mokoena,Consumer,P1006,Keyboard Combo,Technology,Accessories,Gauteng,Inland,Soweto,Online,Cash,Standard,2,24.3,0.0,48.6,0.0,48.6,12.74,25.48,23.12,0.4757,4,Not Returned
ORD100468,2023-10-19,2023-10-24,C0137,Sibusiso Nkosi,Consumer,P1025,Microwave 30L,Home & Kitchen,Appliances,KwaZulu-Natal,Coastal,Pinetown,Call Centre,Card,Express,4,96.35,0.0,385.4,0.0,385.4,67.51,270.04,115.36,0.2993,5,Not Returned
ORD100469,2024-12-25,2024-12-27,C0249,Amina Chuma,Consumer,P1017,Lever Arch File Pack,Office Supplies,Filing,Eastern Cape,Coastal,East London,Corporate Account,EFT,Standard,4,7.99,0.0,31.96,0.0,31.96,3.72,14.88,17.08,0.5344,2,Not Returned
ORD100470,2023-09-01,2023-09-03,C0491,Lerato Khumalo,Consumer,P1029,Cookware Set,Home & Kitchen,Cookware,Gauteng,Inland,Midrand,Online,Card,Standard,3,76.03,0.0,228.09,0.0,228.09,50.03,150.09,78.0,0.342,2,Not Returned
ORD100471,2024-02-25,2024-02-29,C0170,Sibusiso Khumalo,Consumer,P1010,A4 Copy Paper Box,Office Supplies,Paper & Stationery,North West,Inland,Klerksdorp,Online,Card,Express,1,26.24,0.0,26.24,0.0,26.24,14.48,14.48,11.76,0.4482,4,Not Returned
ORD100472,2024-07-22,2024-07-24,C0496,Nokuthula Mathebula,Corporate,P1028,Air Fryer 5L,Home & Kitchen,Appliances,Gauteng,Inland,Soweto,Retail Store,Cash,Standard,2,113.77,0.0,227.54,0.0,227.54,71.57,143.14,84.4,0.3709,2,Not Returned
ORD100473,2025-06-08,2025-06-13,C0185,Kudzai Sibanda,Corporate,P1032,Safety Shoes,Apparel,Footwear,KwaZulu-Natal,Coastal,Pinetown,Online,Mobile Money,Standard,4,47.3,0.05,189.2,9.46,179.74,26.85,107.4,72.34,0.4025,5,Not Returned
ORD100474,2023-07-22,2023-07-29,C0203,Thabo Chuma,Corporate,P1009,HDMI Cable,Technology,Accessories,Gauteng,Inland,Soweto,Retail Store,EFT,Standard,1,5.98,0.05,5.98,0.3,5.68,3.24,3.24,2.44,0.4296,7,Not Returned
ORD100475,2024-11-19,2024-11-23,C0162,Farai Mabena,Small Business,P1032,Safety Shoes,Apparel,Footwear,KwaZulu-Natal,Coastal,Pinetown,Online,Cash,Standard,3,47.61,0.15,142.83,21.42,121.41,28.34,85.02,36.39,0.2997,4,Not Returned
ORD100476,2025-07-02,2025-07-07,C0309,Thabo Naidoo,Consumer,P1013,Printer Toner Black,Office Supplies,Printing,North West,Inland,Mahikeng,Retail Store,Card,Standard,10,60.88,0.0,608.8,0.0,608.8,45.86,458.6,150.2,0.2467,5,Not Returned
ORD100477,2023-08-25,2023-08-30,C0241,Tendai Mthembu,Small Business,P1013,Printer Toner Black,Office Supplies,Printing,Gauteng,Inland,Johannesburg,Retail Store,Cash,Standard,3,64.46,0.15,193.38,29.01,164.37,43.21,129.63,34.74,0.2114,5,Not Returned
ORD100478,2025-04-14,2025-04-17,C0380,Rumbidzai Williams,Consumer,P1029,Cookware Set,Home & Kitchen,Cookware,Free State,Inland,Welkom,Online,Cash,Standard,2,72.17,0.0,144.34,0.0,144.34,49.58,99.16,45.18,0.313,3,Not Returned
ORD100479,2025-12-25,2025-12-28,C0250,Kabelo Patel,Corporate,P1017,Lever Arch File Pack,Office Supplies,Filing,North West,Inland,Mahikeng,Retail Store,Card,Standard,1,7.78,0.15,7.78,1.17,6.61,4.23,4.23,2.38,0.3601,3,Not Returned
ORD100480,2025-03-31,2025-04-06,C0222,Mpho Mahlangu,Small Business,P1022,Filing Cabinet 4 Drawer,Furniture,Storage,Gauteng,Inland,Midrand,Call Centre,Card,Same Day,1,106.58,0.1,106.58,10.66,95.92,74.81,74.81,21.11,0.2201,6,Not Returned
ORD100481,2023-12-16,2023-12-18,C0131,Thabo Khumalo,Consumer,P1029,Cookware Set,Home & Kitchen,Cookware,Western Cape,Coastal,Stellenbosch,Retail Store,Cash,Express,3,71.64,0.0,214.92,0.0,214.92,51.64,154.92,60.0,0.2792,2,Not Returned
ORD100482,2024-07-13,2024-07-17,C0142,Tariro Nkosi,Consumer,P1015,Desk Organiser,Office Supplies,Desk Accessories,North West,Inland,Klerksdorp,Online,EFT,Same Day,4,13.84,0.0,55.36,0.0,55.36,6.62,26.48,28.88,0.5217,4,Not Returned
ORD100483,2025-09-19,2025-09-24,C0179,Precious Naidoo,Small Business,P1023,Bookshelf 5 Tier,Furniture,Storage,Gauteng,Inland,Midrand,Online,EFT,Standard,1,83.32,0.0,83.32,0.0,83.32,55.3,55.3,28.02,0.3363,5,Not Returned
ORD100484,2023-06-09,2023-06-10,C0408,Amina Moyo,Consumer,P1004,Chromebook Edu,Technology,Laptops,Western Cape,Coastal,Cape Town,Online,EFT,Standard,1,267.72,0.1,267.72,26.77,240.95,225.07,225.07,15.88,0.0659,1,Returned
ORD100485,2024-09-12,2024-09-13,C0391,Nomsa Ndlovu,Corporate,P1031,Corporate Shirt,Apparel,Workwear,Northern Cape,Inland,Kimberley,Corporate Account,Cash,Collection,2,15.78,0.05,31.56,1.58,29.98,6.72,13.44,16.54,0.5517,1,Returned
ORD100486,2024-02-18,2024-02-21,C0468,Farai Mokoena,Corporate,P1012,Ballpoint Pen Pack,Office Supplies,Paper & Stationery,Limpopo,Inland,Polokwane,Retail Store,Cash,Standard,3,3.98,0.05,11.94,0.6,11.34,2.0,6.0,5.34,0.4709,3,Not Returned
ORD100487,2023-02-06,2023-02-13,C0418,Nandi Nkosi,Consumer,P1020,Office Desk 1200mm,Furniture,Desks,North West,Inland,Klerksdorp,Online,Card,Collection,1,175.61,0.05,175.61,8.78,166.83,134.75,134.75,32.08,0.1923,7,Not Returned
ORD100488,2025-06-25,2025-06-30,C0140,Sipho Gumede,Corporate,P1031,Corporate Shirt,Apparel,Workwear,KwaZulu-Natal,Coastal,Durban,Corporate Account,Card,Express,2,15.77,0.0,31.54,0.0,31.54,7.05,14.1,17.44,0.5529,5,Not Returned
ORD100489,2025-10-03,2025-10-04,C0450,Farai Gumede,Consumer,P1021,Boardroom Table,Furniture,Tables,Gauteng,Inland,Pretoria,Corporate Account,EFT,Standard,1,461.81,0.0,461.81,0.0,461.81,337.7,337.7,124.11,0.2687,1,Not Returned
ORD100490,2025-08-20,2025-08-23,C0053,Chipo Mahlangu,Corporate,P1023,Bookshelf 5 Tier,Furniture,Storage,Gauteng,Inland,Soweto,Online,EFT,Same Day,1,90.04,0.2,90.04,18.01,72.03,51.08,51.08,20.95,0.2909,3,Not Returned
ORD100491,2024-12-23,2024-12-29,C0438,Kudzai Mabena,Small Business,P1021,Boardroom Table,Furniture,Tables,Western Cape,Coastal,George,Retail Store,Card,Standard,1,463.77,0.05,463.77,23.19,440.58,321.1,321.1,119.48,0.2712,6,Returned
ORD100492,2023-02-25,2023-02-28,C0222,Mpho Mahlangu,Small Business,P1006,Keyboard Combo,Technology,Accessories,Gauteng,Inland,Midrand,Retail Store,Mobile Money,Standard,1,23.43,0.0,23.43,0.0,23.43,12.91,12.91,10.52,0.449,3,Not Returned
ORD100493,2023-04-26,2023-04-28,C0376,Sipho Patel,Small Business,P1035,Rain Jacket,Apparel,Outerwear,Northern Cape,Inland,Upington,Retail Store,Mobile Money,Standard,2,35.62,0.0,71.24,0.0,71.24,21.33,42.66,28.58,0.4012,2,Not Returned
ORD100494,2023-07-03,2023-07-10,C0246,Precious Khumalo,Consumer,P1009,HDMI Cable,Technology,Accessories,North West,Inland,Mahikeng,Retail Store,Card,Standard,3,6.19,0.0,18.57,0.0,18.57,3.01,9.03,9.54,0.5137,7,Returned
ORD100495,2025-05-12,2025-05-15,C0332,Nandi Williams,Consumer,P1025,Microwave 30L,Home & Kitchen,Appliances,Gauteng,Inland,Soweto,Call Centre,Card,Standard,1,92.86,0.05,92.86,4.64,88.22,63.19,63.19,25.03,0.2837,3,Not Returned
ORD100496,2023-07-20,2023-07-25,C0317,Sibusiso Dube,Consumer,P1032,Safety Shoes,Apparel,Footwear,Western Cape,Coastal,George,Online,EFT,Express,2,45.88,0.05,91.76,4.59,87.17,26.6,53.2,33.97,0.3897,5,Not Returned
ORD100497,2024-11-17,2024-11-20,C0043,Precious Khumalo,Consumer,P1032,Safety Shoes,Apparel,Footwear,KwaZulu-Natal,Coastal,Pietermaritzburg,Corporate Account,Cash,Collection,3,42.81,0.1,128.43,12.84,115.59,25.64,76.92,38.67,0.3345,3,Not Returned
ORD100498,2024-03-14,2024-03-17,C0298,Lerato Patel,Small Business,P1008,External SSD 1TB,Technology,Storage,Western Cape,Coastal,Stellenbosch,Online,Card,Express,1,76.49,0.0,76.49,0.0,76.49,49.19,49.19,27.3,0.3569,3,Not Returned
ORD100499,2023-07-08,2023-07-10,C0149,Lerato Mokoena,Small Business,P1009,HDMI Cable,Technology,Accessories,Eastern Cape,Coastal,Gqeberha,Online,EFT,Standard,1,5.7,0.0,5.7,0.0,5.7,3.25,3.25,2.45,0.4298,2,Not Returned
ORD100500,2025-06-24,2025-07-01,C0022,Mpho Mathebula,Small Business,P1007,USB-C Dock,Technology,Accessories,KwaZulu-Natal,Coastal,Durban,Online,EFT,Standard,1,85.02,0.05,85.02,4.25,80.77,50.49,50.49,30.28,0.3749,7,Not Returned
ORD100501,2025-04-28,2025-04-29,C0267,Farai Dube,Small Business,P1001,Laptop Pro 14,Technology,Laptops,Eastern Cape,Coastal,Gqeberha,Corporate Account,Card,Standard,1,671.65,0.0,671.65,0.0,671.65,494.75,494.75,176.9,0.2634,1,Not Returned
ORD100502,2025-11-23,2025-11-26,C0159,Lerato Mokoena,Consumer,P1003,Business Laptop 15,Technology,Laptops,North West,Inland,Rustenburg,Call Centre,Cash,Standard,1,591.79,0.0,591.79,0.0,591.79,398.35,398.35,193.44,0.3269,3,Not Returned
ORD100503,2025-12-27,2025-12-28,C0430,Blessing Naidoo,Consumer,P1009,HDMI Cable,Technology,Accessories,Gauteng,Inland,Midrand,Call Centre,Cash,Standard,3,5.85,0.15,17.55,2.63,14.92,3.07,9.21,5.71,0.3827,1,Not Returned
ORD100504,2024-02-15,2024-02-17,C0331,Kabelo Williams,Corporate,P1008,External SSD 1TB,Technology,Storage,KwaZulu-Natal,Coastal,Pinetown,Retail Store,Card,Standard,4,75.22,0.0,300.88,0.0,300.88,48.64,194.56,106.32,0.3534,2,Not Returned
ORD100505,2024-10-14,2024-10-17,C0499,Kabelo Patel,Corporate,P1030,Dinner Set 16 Piece,Home & Kitchen,Dining,Eastern Cape,Coastal,Gqeberha,Corporate Account,Card,Standard,2,42.48,0.2,84.96,16.99,67.97,23.36,46.72,21.25,0.3126,3,Not Returned
ORD100506,2023-11-25,2023-11-27,C0099,Tariro Naidoo,Small Business,P1015,Desk Organiser,Office Supplies,Desk Accessories,Western Cape,Coastal,Cape Town,Online,Card,Standard,4,13.02,0.15,52.08,7.81,44.27,7.16,28.64,15.63,0.3531,2,Not Returned
ORD100507,2024-09-27,2024-10-02,C0118,Sibusiso Chuma,Consumer,P1018,Whiteboard Marker Set,Office Supplies,Presentation,Western Cape,Coastal,George,Corporate Account,Card,Standard,1,8.87,0.0,8.87,0.0,8.87,3.97,3.97,4.9,0.5524,5,Not Returned
ORD100508,2023-03-01,2023-03-05,C0475,Nokuthula Williams,Small Business,P1023,Bookshelf 5 Tier,Furniture,Storage,Gauteng,Inland,Soweto,Online,Cash,Same Day,2,86.18,0.05,172.36,8.62,163.74,51.4,102.8,60.94,0.3722,4,Not Returned
ORD100509,2025-09-22,2025-09-25,C0288,Chipo Williams,Consumer,P1026,Kettle Stainless Steel,Home & Kitchen,Small Appliances,Free State,Inland,Bloemfontein,Online,Card,Standard,1,22.2,0.0,22.2,0.0,22.2,14.34,14.34,7.86,0.3541,3,Not Returned
ORD100510,2025-04-13,2025-04-19,C0383,Zanele Maseko,Consumer,P1014,Ink Cartridge Colour,Office Supplies,Printing,Gauteng,Inland,Johannesburg,Online,Cash,Collection,4,29.72,0.0,118.88,0.0,118.88,18.34,73.36,45.52,0.3829,6,Not Returned
ORD100511,2025-06-07,2025-06-10,C0218,Amina Moyo,Consumer,P1035,Rain Jacket,Apparel,Outerwear,KwaZulu-Natal,Coastal,Pinetown,Corporate Account,EFT,Standard,3,35.23,0.0,105.69,0.0,105.69,19.48,58.44,47.25,0.4471,3,Not Returned
ORD100512,2023-07-04,2023-07-11,C0006,Thabo Mabena,Consumer,P1022,Filing Cabinet 4 Drawer,Furniture,Storage,Mpumalanga,Inland,Middelburg,Online,EFT,Standard,4,100.21,0.05,400.84,20.04,380.8,64.58,258.32,122.48,0.3216,7,Not Returned
ORD100513,2024-04-28,2024-05-05,C0495,Thabo Dube,Consumer,P1022,Filing Cabinet 4 Drawer,Furniture,Storage,Western Cape,Coastal,Bellville,Online,Card,Standard,4,96.79,0.05,387.16,19.36,367.8,71.78,287.12,80.68,0.2194,7,Not Returned
ORD100514,2023-04-25,2023-04-27,C0209,Thabo Maseko,Consumer,P1022,Filing Cabinet 4 Drawer,Furniture,Storage,Gauteng,Inland,Soweto,Online,Card,Express,2,118.02,0.0,236.04,0.0,236.04,65.56,131.12,104.92,0.4445,2,Not Returned
ORD100515,2024-07-22,2024-07-24,C0407,Rumbidzai Gumede,Consumer,P1013,Printer Toner Black,Office Supplies,Printing,KwaZulu-Natal,Coastal,Durban,Retail Store,Cash,Standard,10,65.06,0.0,650.6,0.0,650.6,42.32,423.2,227.4,0.3495,2,Not Returned
ORD100516,2023-03-13,2023-03-14,C0234,Precious Mahlangu,Small Business,P1008,External SSD 1TB,Technology,Storage,Western Cape,Coastal,Bellville,Retail Store,Cash,Standard,1,75.96,0.0,75.96,0.0,75.96,47.64,47.64,28.32,0.3728,1,Not Returned
ORD100517,2025-02-26,2025-03-05,C0361,Amina Nkosi,Consumer,P1003,Business Laptop 15,Technology,Laptops,Gauteng,Inland,Soweto,Retail Store,EFT,Standard,2,670.03,0.0,1340.06,0.0,1340.06,392.78,785.56,554.5,0.4138,7,Not Returned
ORD100518,2025-06-25,2025-06-30,C0427,Nandi Mabena,Consumer,P1033,Reflective Jacket,Apparel,Workwear,KwaZulu-Natal,Coastal,Pietermaritzburg,Corporate Account,Card,Collection,1,20.94,0.15,20.94,3.14,17.8,10.87,10.87,6.93,0.3893,5,Not Returned
ORD100519,2024-04-27,2024-05-03,C0414,Nandi Sibanda,Small Business,P1011,Premium Notebook,Office Supplies,Paper & Stationery,Gauteng,Inland,Johannesburg,Retail Store,Card,Collection,2,4.96,0.0,9.92,0.0,9.92,2.65,5.3,4.62,0.4657,6,Not Returned
ORD100520,2025-04-12,2025-04-14,C0428,Thabo Maseko,Consumer,P1026,Kettle Stainless Steel,Home & Kitchen,Small Appliances,Western Cape,Coastal,Bellville,Corporate Account,EFT,Express,2,23.21,0.1,46.42,4.64,41.78,13.43,26.86,14.92,0.3571,2,Not Returned
ORD100521,2024-11-12,2024-11-14,C0498,Thabo Dube,Consumer,P1023,Bookshelf 5 Tier,Furniture,Storage,Western Cape,Coastal,George,Corporate Account,EFT,Standard,1,71.72,0.1,71.72,7.17,64.55,54.43,54.43,10.12,0.1568,2,Not Returned
ORD100522,2024-12-21,2024-12-27,C0180,Chipo Chuma,Small Business,P1016,Stapler Heavy Duty,Office Supplies,Desk Accessories,Western Cape,Coastal,Cape Town,Online,EFT,Express,2,9.56,0.05,19.12,0.96,18.16,4.63,9.26,8.9,0.4901,6,Not Returned
ORD100523,2024-01-12,2024-01-14,C0246,Precious Khumalo,Consumer,P1027,Toaster 4 Slice,Home & Kitchen,Small Appliances,North West,Inland,Mahikeng,Online,EFT,Standard,4,33.94,0.0,135.76,0.0,135.76,23.29,93.16,42.6,0.3138,2,Not Returned
ORD100524,2025-07-05,2025-07-06,C0290,Tariro Naidoo,Corporate,P1020,Office Desk 1200mm,Furniture,Desks,Mpumalanga,Inland,Mbombela,Corporate Account,Cash,Express,1,196.83,0.0,196.83,0.0,196.83,115.8,115.8,81.03,0.4117,1,Not Returned
ORD100525,2024-10-16,2024-10-26,C0422,Sibusiso Chuma,Consumer,P1017,Lever Arch File Pack,Office Supplies,Filing,Free State,Inland,Sasolburg,Online,EFT,Standard,2,7.48,0.0,14.96,0.0,14.96,3.83,7.66,7.3,0.488,10,Not Returned
ORD100526,2024-12-17,2024-12-18,C0145,Zanele Mathebula,Consumer,P1034,Laptop Backpack,Apparel,Bags,Free State,Inland,Sasolburg,Call Centre,Mobile Money,Standard,3,32.19,0.1,96.57,9.66,86.91,17.56,52.68,34.23,0.3939,1,Not Returned
ORD100527,2023-02-17,2023-02-20,C0248,Lerato Mabena,Consumer,P1029,Cookware Set,Home & Kitchen,Cookware,Free State,Inland,Sasolburg,Corporate Account,Mobile Money,Standard,1,84.66,0.1,84.66,8.47,76.19,48.04,48.04,28.15,0.3695,3,Not Returned
ORD100528,2025-12-15,2025-12-17,C0332,Nandi Williams,Consumer,P1004,Chromebook Edu,Technology,Laptops,Gauteng,Inland,Soweto,Online,Mobile Money,Standard,1,325.19,0.05,325.19,16.26,308.93,208.59,208.59,100.34,0.3248,2,Not Returned
ORD100529,2025-12-12,2025-12-13,C0141,Blessing Gumede,Consumer,P1008,External SSD 1TB,Technology,Storage,Eastern Cape,Coastal,Gqeberha,Retail Store,Card,Express,1,71.26,0.05,71.26,3.56,67.7,49.0,49.0,18.7,0.2762,1,Not Returned
ORD100530,2024-01-26,2024-01-30,C0461,Lerato Khumalo,Consumer,P1032,Safety Shoes,Apparel,Footwear,Gauteng,Inland,Johannesburg,Corporate Account,Card,Standard,5,40.71,0.1,203.55,20.36,183.19,27.86,139.3,43.89,0.2396,4,Not Returned
ORD100531,2024-02-28,2024-03-04,C0301,Blessing Mathebula,Consumer,P1028,Air Fryer 5L,Home & Kitchen,Appliances,Northern Cape,Inland,Kimberley,Online,Card,Collection,1,122.05,0.0,122.05,0.0,122.05,82.08,82.08,39.97,0.3275,5,Not Returned
ORD100532,2023-02-28,2023-03-07,C0020,Mpho Moyo,Corporate,P1018,Whiteboard Marker Set,Office Supplies,Presentation,Gauteng,Inland,Soweto,Corporate Account,Card,Express,5,8.52,0.05,42.6,2.13,40.47,4.16,20.8,19.67,0.486,7,Not Returned
ORD100533,2023-12-18,2023-12-25,C0283,Zanele Williams,Consumer,P1023,Bookshelf 5 Tier,Furniture,Storage,Mpumalanga,Inland,Middelburg,Online,Card,Standard,2,88.4,0.0,176.8,0.0,176.8,54.91,109.82,66.98,0.3788,7,Not Returned
ORD100534,2025-05-16,2025-05-21,C0298,Lerato Patel,Small Business,P1031,Corporate Shirt,Apparel,Workwear,Western Cape,Coastal,Stellenbosch,Online,Card,Standard,1,14.75,0.15,14.75,2.21,12.54,6.66,6.66,5.88,0.4689,5,Not Returned
ORD100535,2024-12-26,2025-01-01,C0119,Nokuthula Dube,Corporate,P1018,Whiteboard Marker Set,Office Supplies,Presentation,Gauteng,Inland,Pretoria,Retail Store,Cash,Standard,4,8.22,0.15,32.88,4.93,27.95,4.27,17.08,10.87,0.3889,6,Not Returned
ORD100536,2024-06-03,2024-06-06,C0255,Sibusiso Mathebula,Consumer,P1035,Rain Jacket,Apparel,Outerwear,Western Cape,Coastal,Bellville,Retail Store,Card,Collection,2,36.98,0.05,73.96,3.7,70.26,19.57,39.14,31.12,0.4429,3,Not Returned
ORD100537,2023-03-26,2023-03-29,C0168,Thabo Mabena,Corporate,P1007,USB-C Dock,Technology,Accessories,Gauteng,Inland,Pretoria,Call Centre,Cash,Standard,1,77.26,0.1,77.26,7.73,69.53,53.23,53.23,16.3,0.2344,3,Not Returned
ORD100538,2024-10-11,2024-10-16,C0344,Sibusiso Naidoo,Consumer,P1001,Laptop Pro 14,Technology,Laptops,KwaZulu-Natal,Coastal,Pinetown,Online,Mobile Money,Standard,1,753.12,0.1,753.12,75.31,677.81,469.75,469.75,208.06,0.307,5,Not Returned
ORD100539,2024-07-29,2024-07-31,C0493,Blessing Naidoo,Consumer,P1030,Dinner Set 16 Piece,Home & Kitchen,Dining,Eastern Cape,Coastal,Mthatha,Corporate Account,EFT,Express,4,36.57,0.0,146.28,0.0,146.28,25.05,100.2,46.08,0.315,2,Not Returned
ORD100540,2024-06-24,2024-06-30,C0152,Thabo Naidoo,Small Business,P1032,Safety Shoes,Apparel,Footwear,Limpopo,Inland,Tzaneen,Retail Store,EFT,Same Day,1,41.98,0.1,41.98,4.2,37.78,25.91,25.91,11.87,0.3142,6,Not Returned
ORD100541,2023-07-07,2023-07-11,C0137,Sibusiso Nkosi,Consumer,P1022,Filing Cabinet 4 Drawer,Furniture,Storage,KwaZulu-Natal,Coastal,Pinetown,Online,Cash,Standard,2,113.47,0.05,226.94,11.35,215.59,65.23,130.46,85.13,0.3949,4,Returned
ORD100542,2025-11-12,2025-11-18,C0323,Kudzai Nkosi,Consumer,P1020,Office Desk 1200mm,Furniture,Desks,Gauteng,Inland,Johannesburg,Corporate Account,Cash,Standard,3,189.79,0.0,569.37,0.0,569.37,125.7,377.1,192.27,0.3377,6,Not Returned
ORD100543,2023-11-24,2023-11-27,C0270,Zanele Patel,Corporate,P1033,Reflective Jacket,Apparel,Workwear,Free State,Inland,Sasolburg,Corporate Account,EFT,Express,2,18.17,0.1,36.34,3.63,32.71,11.49,22.98,9.73,0.2975,3,Not Returned
ORD100544,2024-03-10,2024-03-13,C0375,Tendai Maseko,Small Business,P1034,Laptop Backpack,Apparel,Bags,Western Cape,Coastal,George,Online,Mobile Money,Standard,1,28.73,0.0,28.73,0.0,28.73,17.63,17.63,11.1,0.3864,3,Not Returned
ORD100545,2025-10-17,2025-10-21,C0274,Tariro Moyo,Corporate,P1001,Laptop Pro 14,Technology,Laptops,Gauteng,Inland,Midrand,Retail Store,EFT,Standard,1,672.65,0.15,672.65,100.9,571.75,458.71,458.71,113.04,0.1977,4,Returned
ORD100546,2023-08-06,2023-08-10,C0159,Lerato Mokoena,Consumer,P1015,Desk Organiser,Office Supplies,Desk Accessories,North West,Inland,Rustenburg,Corporate Account,EFT,Standard,4,12.08,0.0,48.32,0.0,48.32,7.15,28.6,19.72,0.4081,4,Not Returned
ORD100547,2024-07-05,2024-07-10,C0032,Brian Mahlangu,Corporate,P1034,Laptop Backpack,Apparel,Bags,Free State,Inland,Sasolburg,Retail Store,Mobile Money,Standard,1,28.27,0.05,28.27,1.41,26.86,16.35,16.35,10.51,0.3913,5,Not Returned
ORD100548,2025-06-23,2025-07-03,C0112,Nomsa Mabena,Consumer,P1016,Stapler Heavy Duty,Office Supplies,Desk Accessories,KwaZulu-Natal,Coastal,Umhlanga,Corporate Account,EFT,Express,1,8.28,0.15,8.28,1.24,7.04,4.51,4.51,2.53,0.3594,10,Not Returned
ORD100549,2023-07-09,2023-07-11,C0182,Kabelo Moyo,Consumer,P1034,Laptop Backpack,Apparel,Bags,Gauteng,Inland,Soweto,Corporate Account,Card,Collection,2,31.6,0.0,63.2,0.0,63.2,17.7,35.4,27.8,0.4399,2,Not Returned
ORD100550,2023-11-30,2023-12-03,C0428,Thabo Maseko,Consumer,P1013,Printer Toner Black,Office Supplies,Printing,Western Cape,Coastal,Bellville,Call Centre,Card,Standard,2,61.77,0.0,123.54,0.0,123.54,42.83,85.66,37.88,0.3066,3,Not Returned
ORD100551,2025-06-04,2025-06-06,C0220,Nandi Maseko,Small Business,P1014,Ink Cartridge Colour,Office Supplies,Printing,Gauteng,Inland,Johannesburg,Retail Store,Card,Standard,2,30.37,0.05,60.74,3.04,57.7,19.05,38.1,19.6,0.3397,2,Not Returned
ORD100552,2025-01-22,2025-01-23,C0074,Sipho Williams,Consumer,P1035,Rain Jacket,Apparel,Outerwear,Mpumalanga,Inland,Emalahleni,Retail Store,EFT,Standard,1,35.82,0.0,35.82,0.0,35.82,20.15,20.15,15.67,0.4375,1,Not Returned
ORD100553,2025-05-15,2025-05-19,C0250,Kabelo Patel,Corporate,P1031,Corporate Shirt,Apparel,Workwear,North West,Inland,Mahikeng,Retail Store,Card,Standard,3,14.75,0.0,44.25,0.0,44.25,7.23,21.69,22.56,0.5098,4,Not Returned
ORD100554,2025-08-07,2025-08-14,C0352,Nandi Sibanda,Corporate,P1013,Printer Toner Black,Office Supplies,Printing,Free State,Inland,Bloemfontein,Call Centre,EFT,Express,2,69.64,0.1,139.28,13.93,125.35,45.78,91.56,33.79,0.2696,7,Not Returned
ORD100555,2023-06-21,2023-06-24,C0213,Brian Sibanda,Small Business,P1021,Boardroom Table,Furniture,Tables,Western Cape,Coastal,George,Retail Store,Card,Standard,1,487.03,0.15,487.03,73.05,413.98,321.45,321.45,92.53,0.2235,3,Not Returned
ORD100556,2024-09-07,2024-09-09,C0289,Nomsa Mthembu,Consumer,P1014,Ink Cartridge Colour,Office Supplies,Printing,Free State,Inland,Welkom,Online,Card,Standard,1,29.61,0.05,29.61,1.48,28.13,19.21,19.21,8.92,0.3171,2,Not Returned
ORD100557,2023-08-09,2023-08-13,C0405,Sibusiso Nkosi,Consumer,P1018,Whiteboard Marker Set,Office Supplies,Presentation,Limpopo,Inland,Thohoyandou,Retail Store,Cash,Standard,4,7.89,0.05,31.56,1.58,29.98,3.99,15.96,14.02,0.4676,4,Not Returned
ORD100558,2023-06-17,2023-06-19,C0317,Sibusiso Dube,Consumer,P1013,Printer Toner Black,Office Supplies,Printing,Western Cape,Coastal,George,Retail Store,Cash,Collection,3,64.57,0.1,193.71,19.37,174.34,44.88,134.64,39.7,0.2277,2,Not Returned
ORD100559,2024-11-11,2024-11-13,C0430,Blessing Naidoo,Consumer,P1015,Desk Organiser,Office Supplies,Desk Accessories,Gauteng,Inland,Midrand,Retail Store,EFT,Standard,4,12.98,0.0,51.92,0.0,51.92,6.95,27.8,24.12,0.4646,2,Not Returned
ORD100560,2025-06-18,2025-06-23,C0245,Precious Khumalo,Consumer,P1006,Keyboard Combo,Technology,Accessories,Eastern Cape,Coastal,East London,Retail Store,Card,Standard,3,21.69,0.0,65.07,0.0,65.07,12.77,38.31,26.76,0.4112,5,Not Returned
ORD100561,2024-12-28,2025-01-02,C0228,Rumbidzai Mokoena,Small Business,P1031,Corporate Shirt,Apparel,Workwear,Limpopo,Inland,Thohoyandou,Call Centre,EFT,Standard,1,17.68,0.05,17.68,0.88,16.8,7.39,7.39,9.41,0.5601,5,Not Returned
ORD100562,2025-01-08,2025-01-10,C0264,Precious Patel,Small Business,P1031,Corporate Shirt,Apparel,Workwear,Gauteng,Inland,Pretoria,Online,Card,Standard,3,16.34,0.0,49.02,0.0,49.02,7.16,21.48,27.54,0.5618,2,Not Returned
ORD100563,2023-08-18,2023-08-20,C0344,Sibusiso Naidoo,Consumer,P1031,Corporate Shirt,Apparel,Workwear,KwaZulu-Natal,Coastal,Pinetown,Online,EFT,Express,1,15.12,0.0,15.12,0.0,15.12,6.77,6.77,8.35,0.5522,2,Not Returned
ORD100564,2025-06-11,2025-06-14,C0022,Mpho Mathebula,Small Business,P1031,Corporate Shirt,Apparel,Workwear,KwaZulu-Natal,Coastal,Durban,Online,Cash,Standard,3,17.55,0.0,52.65,0.0,52.65,7.28,21.84,30.81,0.5852,3,Not Returned
ORD100565,2023-07-20,2023-07-27,C0364,Lerato Mokoena,Consumer,P1017,Lever Arch File Pack,Office Supplies,Filing,Western Cape,Coastal,George,Retail Store,Card,Standard,5,8.24,0.15,41.2,6.18,35.02,4.08,20.4,14.62,0.4175,7,Not Returned
ORD100566,2023-12-07,2023-12-11,C0178,Farai Gumede,Consumer,P1035,Rain Jacket,Apparel,Outerwear,Gauteng,Inland,Soweto,Corporate Account,Card,Standard,1,39.06,0.05,39.06,1.95,37.11,20.55,20.55,16.56,0.4462,4,Not Returned
ORD100567,2025-10-12,2025-10-15,C0241,Tendai Mthembu,Small Business,P1035,Rain Jacket,Apparel,Outerwear,Gauteng,Inland,Johannesburg,Online,EFT,Standard,1,37.48,0.05,37.48,1.87,35.61,19.83,19.83,15.78,0.4431,3,Not Returned
ORD100568,2025-09-26,2025-09-30,C0178,Farai Gumede,Consumer,P1001,Laptop Pro 14,Technology,Laptops,Gauteng,Inland,Soweto,Retail Store,EFT,Standard,1,712.01,0.05,712.01,35.6,676.41,463.94,463.94,212.47,0.3141,4,Returned
ORD100569,2025-05-04,2025-05-09,C0113,Brian Mahlangu,Consumer,P1032,Safety Shoes,Apparel,Footwear,Gauteng,Inland,Soweto,Retail Store,Card,Standard,2,41.39,0.05,82.78,4.14,78.64,27.75,55.5,23.14,0.2943,5,Not Returned
ORD100570,2023-11-27,2023-11-30,C0054,Brian Naidoo,Small Business,P1014,Ink Cartridge Colour,Office Supplies,Printing,Mpumalanga,Inland,Mbombela,Online,Card,Collection,2,30.97,0.0,61.94,0.0,61.94,19.14,38.28,23.66,0.382,3,Not Returned
ORD100571,2024-11-25,2024-11-30,C0095,Kabelo Khumalo,Small Business,P1019,Ergonomic Chair,Furniture,Chairs,North West,Inland,Klerksdorp,Retail Store,Mobile Money,Express,1,141.63,0.0,141.63,0.0,141.63,94.83,94.83,46.8,0.3304,5,Not Returned
ORD100572,2025-03-10,2025-03-13,C0062,Tariro Moyo,Consumer,P1016,Stapler Heavy Duty,Office Supplies,Desk Accessories,North West,Inland,Mahikeng,Retail Store,Cash,Collection,1,9.43,0.0,9.43,0.0,9.43,4.5,4.5,4.93,0.5228,3,Not Returned
ORD100573,2023-11-28,2023-12-03,C0115,Nokuthula Gumede,Consumer,P1021,Boardroom Table,Furniture,Tables,Free State,Inland,Sasolburg,Retail Store,Card,Standard,1,424.4,0.0,424.4,0.0,424.4,328.34,328.34,96.06,0.2263,5,Not Returned
ORD100574,2025-12-02,2025-12-04,C0072,Lerato Williams,Corporate,P1010,A4 Copy Paper Box,Office Supplies,Paper & Stationery,Eastern Cape,Coastal,East London,Online,Card,Collection,1,25.81,0.15,25.81,3.87,21.94,14.38,14.38,7.56,0.3446,2,Not Returned
ORD100575,2025-01-01,2025-01-06,C0081,Amina Moyo,Small Business,P1017,Lever Arch File Pack,Office Supplies,Filing,Limpopo,Inland,Polokwane,Retail Store,Cash,Standard,4,7.84,0.0,31.36,0.0,31.36,3.9,15.6,15.76,0.5026,5,Not Returned
ORD100576,2023-08-22,2023-08-24,C0243,Nandi Mahlangu,Consumer,P1019,Ergonomic Chair,Furniture,Chairs,Western Cape,Coastal,Bellville,Online,Card,Standard,1,126.34,0.0,126.34,0.0,126.34,97.02,97.02,29.32,0.2321,2,Not Returned
ORD100577,2023-04-06,2023-04-11,C0379,Kabelo Mathebula,Consumer,P1030,Dinner Set 16 Piece,Home & Kitchen,Dining,Northern Cape,Inland,Kimberley,Corporate Account,Cash,Express,3,43.38,0.15,130.14,19.52,110.62,23.76,71.28,39.34,0.3556,5,Not Returned
ORD100578,2023-08-02,2023-08-05,C0480,Nandi Naidoo,Small Business,P1019,Ergonomic Chair,Furniture,Chairs,KwaZulu-Natal,Coastal,Durban,Retail Store,Cash,Standard,1,151.16,0.1,151.16,15.12,136.04,95.03,95.03,41.01,0.3015,3,Not Returned
ORD100579,2023-08-05,2023-08-07,C0097,Tariro Patel,Small Business,P1030,Dinner Set 16 Piece,Home & Kitchen,Dining,Gauteng,Inland,Soweto,Online,EFT,Standard,2,42.44,0.0,84.88,0.0,84.88,26.87,53.74,31.14,0.3669,2,Not Returned
ORD100580,2023-12-09,2023-12-15,C0327,Lerato Mabena,Consumer,P1020,Office Desk 1200mm,Furniture,Desks,Northern Cape,Inland,Upington,Online,Card,Standard,2,190.98,0.05,381.96,19.1,362.86,129.85,259.7,103.16,0.2843,6,Not Returned
ORD100581,2025-11-02,2025-11-05,C0039,Tariro Nkosi,Consumer,P1025,Microwave 30L,Home & Kitchen,Appliances,Limpopo,Inland,Polokwane,Online,Cash,Standard,2,97.7,0.0,195.4,0.0,195.4,61.63,123.26,72.14,0.3692,3,Not Returned
ORD100582,2024-02-18,2024-02-22,C0047,Mpho Mabena,Consumer,P1022,Filing Cabinet 4 Drawer,Furniture,Storage,Eastern Cape,Coastal,East London,Online,Cash,Standard,1,109.73,0.0,109.73,0.0,109.73,73.82,73.82,35.91,0.3273,4,Not Returned
ORD100583,2024-11-18,2024-11-20,C0050,Thabo Sibanda,Consumer,P1028,Air Fryer 5L,Home & Kitchen,Appliances,Gauteng,Inland,Soweto,Retail Store,Card,Express,1,104.36,0.0,104.36,0.0,104.36,69.33,69.33,35.03,0.3357,2,Not Returned
ORD100584,2025-12-20,2025-12-22,C0017,Nandi Gumede,Small Business,P1022,Filing Cabinet 4 Drawer,Furniture,Storage,Western Cape,Coastal,Bellville,Online,Card,Standard,1,99.73,0.0,99.73,0.0,99.73,70.66,70.66,29.07,0.2915,2,Not Returned
ORD100585,2025-11-23,2025-11-26,C0121,Zanele Williams,Consumer,P1013,Printer Toner Black,Office Supplies,Printing,Gauteng,Inland,Johannesburg,Online,Card,Collection,2,68.98,0.0,137.96,0.0,137.96,47.68,95.36,42.6,0.3088,3,Returned
ORD100586,2024-11-22,2024-11-25,C0203,Thabo Chuma,Corporate,P1029,Cookware Set,Home & Kitchen,Cookware,Gauteng,Inland,Soweto,Online,Card,Collection,2,84.15,0.0,168.3,0.0,168.3,52.11,104.22,64.08,0.3807,3,Not Returned
ORD100587,2023-11-06,2023-11-09,C0376,Sipho Patel,Small Business,P1020,Office Desk 1200mm,Furniture,Desks,Northern Cape,Inland,Upington,Corporate Account,Cash,Same Day,1,192.72,0.0,192.72,0.0,192.72,133.77,133.77,58.95,0.3059,3,Not Returned
ORD100588,2025-05-08,2025-05-10,C0098,Farai Mahlangu,Consumer,P1020,Office Desk 1200mm,Furniture,Desks,Western Cape,Coastal,Stellenbosch,Online,Cash,Collection,2,185.19,0.0,370.38,0.0,370.38,124.93,249.86,120.52,0.3254,2,Not Returned
ORD100589,2023-01-17,2023-01-21,C0088,Chipo Sibanda,Consumer,P1017,Lever Arch File Pack,Office Supplies,Filing,Gauteng,Inland,Johannesburg,Online,Card,Express,2,8.41,0.0,16.82,0.0,16.82,3.96,7.92,8.9,0.5291,4,Not Returned
ORD100590,2025-06-24,2025-06-27,C0450,Farai Gumede,Consumer,P1024,Reception Chair,Furniture,Chairs,Gauteng,Inland,Pretoria,Online,Card,Standard,1,57.84,0.05,57.84,2.89,54.95,34.9,34.9,20.05,0.3649,3,Not Returned
ORD100591,2023-03-17,2023-03-21,C0494,Tendai Mabena,Corporate,P1017,Lever Arch File Pack,Office Supplies,Filing,Free State,Inland,Bloemfontein,Corporate Account,EFT,Standard,4,8.13,0.15,32.52,4.88,27.64,4.28,17.12,10.52,0.3806,4,Not Returned
ORD100592,2025-11-07,2025-11-12,C0247,Farai Ndlovu,Small Business,P1003,Business Laptop 15,Technology,Laptops,Eastern Cape,Coastal,Gqeberha,Online,Mobile Money,Standard,3,524.04,0.1,1572.12,157.21,1414.91,415.87,1247.61,167.3,0.1182,5,Not Returned
ORD100593,2024-06-13,2024-06-16,C0336,Nokuthula Ndlovu,Corporate,P1035,Rain Jacket,Apparel,Outerwear,Eastern Cape,Coastal,Gqeberha,Call Centre,Card,Standard,1,34.27,0.05,34.27,1.71,32.56,19.95,19.95,12.61,0.3873,3,Not Returned
ORD100594,2025-02-02,2025-02-07,C0094,Brian Sibanda,Consumer,P1022,Filing Cabinet 4 Drawer,Furniture,Storage,Western Cape,Coastal,Stellenbosch,Corporate Account,Mobile Money,Standard,3,107.2,0.0,321.6,0.0,321.6,71.6,214.8,106.8,0.3321,5,Not Returned
ORD100595,2023-01-11,2023-01-18,C0324,Amina Naidoo,Corporate,P1016,Stapler Heavy Duty,Office Supplies,Desk Accessories,Free State,Inland,Welkom,Retail Store,Cash,Collection,1,8.67,0.05,8.67,0.43,8.24,4.54,4.54,3.7,0.449,7,Not Returned
ORD100596,2025-12-28,2026-01-02,C0256,Kabelo Patel,Consumer,P1004,Chromebook Edu,Technology,Laptops,Mpumalanga,Inland,Middelburg,Retail Store,Cash,Express,1,279.66,0.0,279.66,0.0,279.66,217.83,217.83,61.83,0.2211,5,Not Returned
ORD100597,2023-10-14,2023-10-17,C0046,Nandi Mathebula,Consumer,P1003,Business Laptop 15,Technology,Laptops,Gauteng,Inland,Soweto,Online,EFT,Collection,1,577.27,0.05,577.27,28.86,548.41,382.03,382.03,166.38,0.3034,3,Not Returned
ORD100598,2025-01-09,2025-01-13,C0422,Sibusiso Chuma,Consumer,P1031,Corporate Shirt,Apparel,Workwear,Free State,Inland,Sasolburg,Online,Card,Standard,3,15.8,0.0,47.4,0.0,47.4,7.59,22.77,24.63,0.5196,4,Not Returned
ORD100599,2023-09-24,2023-09-29,C0156,Nokuthula Mabena,Consumer,P1013,Printer Toner Black,Office Supplies,Printing,Mpumalanga,Inland,Mbombela,Retail Store,EFT,Standard,4,62.14,0.05,248.56,12.43,236.13,44.14,176.56,59.57,0.2523,5,Not Returned
ORD100600,2025-03-19,2025-03-23,C0403,Sibusiso Chuma,Consumer,P1028,Air Fryer 5L,Home & Kitchen,Appliances,Mpumalanga,Inland,Middelburg,Call Centre,EFT,Collection,3,113.91,0.0,341.73,0.0,341.73,74.82,224.46,117.27,0.3432,4,Not Returned
ORD100601,2025-05-03,2025-05-05,C0261,Precious Gumede,Small Business,P1025,Microwave 30L,Home & Kitchen,Appliances,Mpumalanga,Inland,Middelburg,Retail Store,Card,Express,3,103.0,0.0,309.0,0.0,309.0,65.79,197.37,111.63,0.3613,2,Not Returned
ORD100602,2024-07-28,2024-07-30,C0200,Blessing Mathebula,Corporate,P1003,Business Laptop 15,Technology,Laptops,Western Cape,Coastal,Bellville,Call Centre,Card,Same Day,3,611.79,0.1,1835.37,183.54,1651.83,422.65,1267.95,383.88,0.2324,2,Not Returned
ORD100603,2025-11-14,2025-11-18,C0441,Brian Sibanda,Consumer,P1019,Ergonomic Chair,Furniture,Chairs,Gauteng,Inland,Midrand,Online,Card,Standard,2,146.66,0.05,293.32,14.67,278.65,98.58,197.16,81.49,0.2924,4,Not Returned
ORD100604,2024-08-25,2024-08-27,C0142,Tariro Nkosi,Consumer,P1025,Microwave 30L,Home & Kitchen,Appliances,North West,Inland,Klerksdorp,Retail Store,Card,Collection,2,89.37,0.0,178.74,0.0,178.74,66.39,132.78,45.96,0.2571,2,Not Returned
ORD100605,2023-12-01,2023-12-04,C0053,Chipo Mahlangu,Corporate,P1004,Chromebook Edu,Technology,Laptops,Gauteng,Inland,Soweto,Corporate Account,Card,Express,1,292.35,0.15,292.35,43.85,248.5,211.41,211.41,37.09,0.1493,3,Not Returned
ORD100606,2025-07-15,2025-07-18,C0293,Kabelo Ndlovu,Corporate,P1024,Reception Chair,Furniture,Chairs,Eastern Cape,Coastal,East London,Retail Store,EFT,Express,1,58.77,0.05,58.77,2.94,55.83,35.31,35.31,20.52,0.3675,3,Not Returned
ORD100607,2025-10-30,2025-11-04,C0081,Amina Moyo,Small Business,P1001,Laptop Pro 14,Technology,Laptops,Limpopo,Inland,Polokwane,Online,Cash,Standard,2,652.2,0.05,1304.4,65.22,1239.18,485.03,970.06,269.12,0.2172,5,Not Returned
ORD100608,2025-04-18,2025-04-20,C0166,Farai Ndlovu,Consumer,P1020,Office Desk 1200mm,Furniture,Desks,Western Cape,Coastal,Bellville,Online,EFT,Standard,3,172.87,0.0,518.61,0.0,518.61,134.7,404.1,114.51,0.2208,2,Not Returned
ORD100609,2024-07-22,2024-07-24,C0067,Sibusiso Chuma,Small Business,P1034,Laptop Backpack,Apparel,Bags,Gauteng,Inland,Soweto,Retail Store,Cash,Express,3,30.83,0.0,92.49,0.0,92.49,16.07,48.21,44.28,0.4788,2,Not Returned
ORD100610,2023-09-11,2023-09-15,C0223,Chipo Nkosi,Corporate,P1013,Printer Toner Black,Office Supplies,Printing,Gauteng,Inland,Pretoria,Retail Store,Cash,Same Day,5,67.78,0.0,338.9,0.0,338.9,45.34,226.7,112.2,0.3311,4,Not Returned
ORD100611,2025-12-03,2025-12-05,C0477,Nandi Mthembu,Small Business,P1001,Laptop Pro 14,Technology,Laptops,KwaZulu-Natal,Coastal,Pinetown,Call Centre,Card,Standard,2,637.91,0.0,1275.82,0.0,1275.82,432.18,864.36,411.46,0.3225,2,Not Returned
ORD100612,2024-02-26,2024-02-28,C0487,Nomsa Mthembu,Small Business,P1021,Boardroom Table,Furniture,Tables,Mpumalanga,Inland,Emalahleni,Retail Store,Cash,Express,1,449.84,0.05,449.84,22.49,427.35,324.25,324.25,103.1,0.2413,2,Not Returned
ORD100613,2025-04-02,2025-04-03,C0497,Lerato Gumede,Corporate,P1011,Premium Notebook,Office Supplies,Paper & Stationery,Western Cape,Coastal,Bellville,Online,Card,Standard,4,5.2,0.15,20.8,3.12,17.68,2.47,9.88,7.8,0.4412,1,Not Returned
ORD100614,2025-12-17,2025-12-20,C0462,Brian Mathebula,Small Business,P1005,Wireless Mouse,Technology,Accessories,Gauteng,Inland,Midrand,Online,Card,Standard,3,9.72,0.05,29.16,1.46,27.7,5.13,15.39,12.31,0.4444,3,Not Returned
ORD100615,2024-06-07,2024-06-08,C0393,Blessing Maseko,Corporate,P1034,Laptop Backpack,Apparel,Bags,Mpumalanga,Inland,Mbombela,Retail Store,Card,Same Day,1,31.36,0.15,31.36,4.7,26.66,17.42,17.42,9.24,0.3466,1,Not Returned
ORD100616,2024-06-09,2024-06-19,C0452,Rumbidzai Nkosi,Consumer,P1034,Laptop Backpack,Apparel,Bags,Western Cape,Coastal,Cape Town,Online,Card,Standard,1,29.82,0.0,29.82,0.0,29.82,16.66,16.66,13.16,0.4413,10,Not Returned
ORD100617,2025-07-15,2025-07-16,C0166,Farai Ndlovu,Consumer,P1015,Desk Organiser,Office Supplies,Desk Accessories,Western Cape,Coastal,Bellville,Corporate Account,Card,Standard,2,13.26,0.0,26.52,0.0,26.52,7.4,14.8,11.72,0.4419,1,Not Returned
ORD100618,2023-05-05,2023-05-09,C0484,Nomsa Maseko,Corporate,P1012,Ballpoint Pen Pack,Office Supplies,Paper & Stationery,Limpopo,Inland,Polokwane,Online,EFT,Collection,2,4.32,0.0,8.64,0.0,8.64,2.05,4.1,4.54,0.5255,4,Returned
ORD100619,2023-02-08,2023-02-14,C0052,Amina Naidoo,Consumer,P1022,Filing Cabinet 4 Drawer,Furniture,Storage,Gauteng,Inland,Pretoria,Corporate Account,EFT,Standard,2,122.16,0.1,244.32,24.43,219.89,71.83,143.66,76.23,0.3467,6,Not Returned
ORD100620,2025-04-13,2025-04-17,C0027,Brian Khumalo,Consumer,P1020,Office Desk 1200mm,Furniture,Desks,Limpopo,Inland,Tzaneen,Corporate Account,Card,Standard,2,209.06,0.0,418.12,0.0,418.12,126.46,252.92,165.2,0.3951,4,Not Returned
ORD100621,2023-12-11,2023-12-13,C0110,Sibusiso Nkosi,Consumer,P1033,Reflective Jacket,Apparel,Workwear,Mpumalanga,Inland,Middelburg,Corporate Account,Card,Standard,2,20.44,0.0,40.88,0.0,40.88,10.08,20.16,20.72,0.5068,2,Not Returned
ORD100622,2025-08-09,2025-08-19,C0101,Zanele Moyo,Corporate,P1021,Boardroom Table,Furniture,Tables,Gauteng,Inland,Midrand,Online,Card,Collection,4,489.8,0.1,1959.2,195.92,1763.28,324.99,1299.96,463.32,0.2628,10,Not Returned
ORD100623,2024-07-13,2024-07-17,C0294,Nomsa Maseko,Corporate,P1023,Bookshelf 5 Tier,Furniture,Storage,KwaZulu-Natal,Coastal,Pinetown,Online,EFT,Express,1,94.97,0.1,94.97,9.5,85.47,52.91,52.91,32.56,0.381,4,Not Returned
ORD100624,2025-11-11,2025-11-14,C0204,Nandi Chuma,Consumer,P1029,Cookware Set,Home & Kitchen,Cookware,KwaZulu-Natal,Coastal,Umhlanga,Online,Card,Express,5,79.01,0.1,395.05,39.51,355.54,47.45,237.25,118.29,0.3327,3,Not Returned
ORD100625,2023-10-14,2023-10-18,C0002,Lerato Maseko,Corporate,P1014,Ink Cartridge Colour,Office Supplies,Printing,Gauteng,Inland,Johannesburg,Retail Store,Mobile Money,Standard,3,28.66,0.1,85.98,8.6,77.38,18.63,55.89,21.49,0.2777,4,Not Returned
ORD100626,2024-12-02,2024-12-06,C0350,Sipho Gumede,Corporate,P1020,Office Desk 1200mm,Furniture,Desks,Limpopo,Inland,Tzaneen,Online,Mobile Money,Standard,1,184.49,0.1,184.49,18.45,166.04,138.39,138.39,27.65,0.1665,4,Not Returned
ORD100627,2025-07-30,2025-08-05,C0181,Nokuthula Mabena,Small Business,P1032,Safety Shoes,Apparel,Footwear,Mpumalanga,Inland,Emalahleni,Online,Mobile Money,Express,1,49.2,0.1,49.2,4.92,44.28,27.92,27.92,16.36,0.3695,6,Not Returned
ORD100628,2023-01-09,2023-01-14,C0230,Rumbidzai Chuma,Consumer,P1022,Filing Cabinet 4 Drawer,Furniture,Storage,North West,Inland,Mahikeng,Corporate Account,Cash,Express,4,102.59,0.0,410.36,0.0,410.36,77.45,309.8,100.56,0.2451,5,Not Returned
ORD100629,2023-06-16,2023-06-18,C0057,Rumbidzai Dube,Consumer,P1024,Reception Chair,Furniture,Chairs,Limpopo,Inland,Polokwane,Online,Cash,Express,2,59.34,0.05,118.68,5.93,112.75,35.71,71.42,41.33,0.3666,2,Returned
ORD100630,2023-09-10,2023-09-14,C0067,Sibusiso Chuma,Small Business,P1014,Ink Cartridge Colour,Office Supplies,Printing,Gauteng,Inland,Soweto,Online,Card,Express,2,28.55,0.05,57.1,2.86,54.24,18.89,37.78,16.46,0.3035,4,Not Returned
ORD100631,2023-11-25,2023-12-01,C0177,Nomsa Ndlovu,Corporate,P1029,Cookware Set,Home & Kitchen,Cookware,Free State,Inland,Bloemfontein,Online,Card,Collection,4,73.64,0.15,294.56,44.18,250.38,51.25,205.0,45.38,0.1812,6,Not Returned
ORD100632,2023-11-29,2023-12-05,C0022,Mpho Mathebula,Small Business,P1004,Chromebook Edu,Technology,Laptops,KwaZulu-Natal,Coastal,Durban,Online,EFT,Express,1,282.93,0.1,282.93,28.29,254.64,232.92,232.92,21.72,0.0853,6,Not Returned
ORD100633,2023-12-15,2023-12-25,C0382,Lerato Ndlovu,Small Business,P1029,Cookware Set,Home & Kitchen,Cookware,Western Cape,Coastal,Cape Town,Retail Store,EFT,Express,1,80.2,0.15,80.2,12.03,68.17,51.64,51.64,16.53,0.2425,10,Not Returned
ORD100634,2023-07-09,2023-07-12,C0050,Thabo Sibanda,Consumer,P1020,Office Desk 1200mm,Furniture,Desks,Gauteng,Inland,Soweto,Corporate Account,Mobile Money,Express,3,186.93,0.0,560.79,0.0,560.79,126.5,379.5,181.29,0.3233,3,Not Returned
ORD100635,2025-06-29,2025-07-09,C0190,Tariro Naidoo,Consumer,P1031,Corporate Shirt,Apparel,Workwear,Western Cape,Coastal,Stellenbosch,Retail Store,Mobile Money,Standard,4,15.8,0.0,63.2,0.0,63.2,6.79,27.16,36.04,0.5703,10,Not Returned
ORD100636,2025-05-24,2025-05-26,C0435,Tariro Naidoo,Consumer,P1002,Laptop Lite 13,Technology,Laptops,Western Cape,Coastal,Cape Town,Call Centre,Card,Same Day,1,438.24,0.0,438.24,0.0,438.24,348.75,348.75,89.49,0.2042,2,Returned
ORD100637,2025-12-02,2025-12-04,C0386,Nandi Chuma,Consumer,P1022,Filing Cabinet 4 Drawer,Furniture,Storage,Limpopo,Inland,Thohoyandou,Corporate Account,Card,Standard,1,108.6,0.0,108.6,0.0,108.6,70.32,70.32,38.28,0.3525,2,Not Returned
ORD100638,2025-05-10,2025-05-15,C0419,Sibusiso Ndlovu,Consumer,P1025,Microwave 30L,Home & Kitchen,Appliances,Limpopo,Inland,Polokwane,Online,Mobile Money,Collection,1,89.21,0.0,89.21,0.0,89.21,62.05,62.05,27.16,0.3045,5,Not Returned
ORD100639,2024-04-07,2024-04-09,C0035,Lerato Ndlovu,Consumer,P1030,Dinner Set 16 Piece,Home & Kitchen,Dining,Western Cape,Coastal,Cape Town,Online,Card,Standard,2,40.85,0.0,81.7,0.0,81.7,24.17,48.34,33.36,0.4083,2,Not Returned
ORD100640,2023-12-04,2023-12-09,C0443,Nomsa Mahlangu,Consumer,P1006,Keyboard Combo,Technology,Accessories,Gauteng,Inland,Johannesburg,Online,Card,Standard,1,25.27,0.0,25.27,0.0,25.27,12.8,12.8,12.47,0.4935,5,Not Returned
ORD100641,2024-05-03,2024-05-05,C0301,Blessing Mathebula,Consumer,P1004,Chromebook Edu,Technology,Laptops,Northern Cape,Inland,Kimberley,Retail Store,Card,Standard,1,309.28,0.1,309.28,30.93,278.35,208.0,208.0,70.35,0.2527,2,Not Returned
ORD100642,2025-06-17,2025-06-19,C0003,Nokuthula Mathebula,Corporate,P1030,Dinner Set 16 Piece,Home & Kitchen,Dining,KwaZulu-Natal,Coastal,Pinetown,Online,Card,Standard,2,39.06,0.1,78.12,7.81,70.31,24.02,48.04,22.27,0.3167,2,Not Returned
ORD100643,2024-10-03,2024-10-05,C0107,Sibusiso Gumede,Corporate,P1002,Laptop Lite 13,Technology,Laptops,Gauteng,Inland,Soweto,Online,Cash,Standard,1,486.64,0.0,486.64,0.0,486.64,340.27,340.27,146.37,0.3008,2,Not Returned
ORD100644,2025-06-12,2025-06-17,C0430,Blessing Naidoo,Consumer,P1020,Office Desk 1200mm,Furniture,Desks,Gauteng,Inland,Midrand,Online,EFT,Standard,1,175.55,0.05,175.55,8.78,166.77,117.02,117.02,49.75,0.2983,5,Not Returned
ORD100645,2023-01-22,2023-01-26,C0309,Thabo Naidoo,Consumer,P1001,Laptop Pro 14,Technology,Laptops,North West,Inland,Mahikeng,Retail Store,Card,Express,2,698.64,0.0,1397.28,0.0,1397.28,475.92,951.84,445.44,0.3188,4,Not Returned
ORD100646,2023-02-23,2023-02-27,C0194,Tendai Chuma,Consumer,P1022,Filing Cabinet 4 Drawer,Furniture,Storage,Gauteng,Inland,Pretoria,Online,EFT,Standard,3,101.25,0.0,303.75,0.0,303.75,67.62,202.86,100.89,0.3321,4,Not Returned
ORD100647,2024-02-01,2024-02-06,C0052,Amina Naidoo,Consumer,P1020,Office Desk 1200mm,Furniture,Desks,Gauteng,Inland,Pretoria,Online,EFT,Express,1,203.14,0.0,203.14,0.0,203.14,128.68,128.68,74.46,0.3665,5,Not Returned
ORD100648,2024-01-16,2024-01-22,C0453,Amina Mthembu,Consumer,P1006,Keyboard Combo,Technology,Accessories,Western Cape,Coastal,Bellville,Online,Card,Same Day,1,23.24,0.05,23.24,1.16,22.08,11.98,11.98,10.1,0.4574,6,Returned
ORD100649,2025-01-02,2025-01-04,C0135,Tendai Khumalo,Small Business,P1035,Rain Jacket,Apparel,Outerwear,KwaZulu-Natal,Coastal,Umhlanga,Online,Card,Standard,1,40.11,0.0,40.11,0.0,40.11,21.3,21.3,18.81,0.469,2,Not Returned
ORD100650,2025-01-25,2025-01-29,C0446,Kabelo Mathebula,Small Business,P1032,Safety Shoes,Apparel,Footwear,Limpopo,Inland,Tzaneen,Online,Card,Collection,1,39.34,0.05,39.34,1.97,37.37,27.93,27.93,9.44,0.2526,4,Not Returned
ORD100651,2023-04-22,2023-04-24,C0044,Kudzai Maseko,Corporate,P1032,Safety Shoes,Apparel,Footwear,Gauteng,Inland,Johannesburg,Online,Card,Standard,2,43.41,0.0,86.82,0.0,86.82,26.1,52.2,34.62,0.3988,2,Not Returned
ORD100652,2025-09-01,2025-09-03,C0138,Farai Naidoo,Consumer,P1035,Rain Jacket,Apparel,Outerwear,Gauteng,Inland,Johannesburg,Corporate Account,EFT,Standard,4,36.82,0.15,147.28,22.09,125.19,19.85,79.4,45.79,0.3658,2,Not Returned
ORD100653,2024-09-05,2024-09-09,C0468,Farai Mokoena,Corporate,P1033,Reflective Jacket,Apparel,Workwear,Limpopo,Inland,Polokwane,Corporate Account,Card,Standard,1,21.46,0.05,21.46,1.07,20.39,10.77,10.77,9.62,0.4718,4,Not Returned
ORD100654,2023-01-08,2023-01-10,C0403,Sibusiso Chuma,Consumer,P1027,Toaster 4 Slice,Home & Kitchen,Small Appliances,Mpumalanga,Inland,Middelburg,Online,EFT,Express,2,38.92,0.0,77.84,0.0,77.84,23.43,46.86,30.98,0.398,2,Not Returned
ORD100655,2024-11-09,2024-11-13,C0336,Nokuthula Ndlovu,Corporate,P1025,Microwave 30L,Home & Kitchen,Appliances,Eastern Cape,Coastal,Gqeberha,Corporate Account,Card,Standard,1,97.33,0.0,97.33,0.0,97.33,63.21,63.21,34.12,0.3506,4,Not Returned
ORD100656,2023-06-19,2023-06-21,C0230,Rumbidzai Chuma,Consumer,P1029,Cookware Set,Home & Kitchen,Cookware,North West,Inland,Mahikeng,Retail Store,Cash,Standard,1,80.4,0.05,80.4,4.02,76.38,50.75,50.75,25.63,0.3356,2,Not Returned
ORD100657,2023-11-23,2023-11-28,C0252,Precious Maseko,Corporate,P1002,Laptop Lite 13,Technology,Laptops,Western Cape,Coastal,George,Online,Cash,Standard,1,427.77,0.0,427.77,0.0,427.77,343.77,343.77,84.0,0.1964,5,Not Returned
ORD100658,2023-11-13,2023-11-16,C0485,Precious Naidoo,Corporate,P1019,Ergonomic Chair,Furniture,Chairs,Limpopo,Inland,Tzaneen,Online,Cash,Standard,3,139.29,0.15,417.87,62.68,355.19,92.22,276.66,78.53,0.2211,3,Not Returned
ORD100659,2024-03-06,2024-03-09,C0185,Kudzai Sibanda,Corporate,P1024,Reception Chair,Furniture,Chairs,KwaZulu-Natal,Coastal,Pinetown,Retail Store,Mobile Money,Same Day,1,55.89,0.05,55.89,2.79,53.1,36.66,36.66,16.44,0.3096,3,Not Returned
ORD100660,2025-06-07,2025-06-10,C0195,Sibusiso Mahlangu,Corporate,P1008,External SSD 1TB,Technology,Storage,Mpumalanga,Inland,Mbombela,Call Centre,Cash,Standard,2,80.27,0.0,160.54,0.0,160.54,47.3,94.6,65.94,0.4107,3,Not Returned
ORD100661,2025-02-13,2025-02-14,C0317,Sibusiso Dube,Consumer,P1012,Ballpoint Pen Pack,Office Supplies,Paper & Stationery,Western Cape,Coastal,George,Retail Store,Mobile Money,Express,2,4.03,0.05,8.06,0.4,7.66,1.83,3.66,4.0,0.5222,1,Not Returned
ORD100662,2024-01-23,2024-01-30,C0183,Mpho Mabena,Small Business,P1021,Boardroom Table,Furniture,Tables,North West,Inland,Rustenburg,Online,EFT,Standard,1,441.08,0.0,441.08,0.0,441.08,318.02,318.02,123.06,0.279,7,Not Returned
ORD100663,2023-09-16,2023-09-20,C0425,Farai Moyo,Corporate,P1002,Laptop Lite 13,Technology,Laptops,Mpumalanga,Inland,Emalahleni,Retail Store,Cash,Collection,1,480.57,0.0,480.57,0.0,480.57,356.05,356.05,124.52,0.2591,4,Not Returned
ORD100664,2025-12-21,2025-12-24,C0379,Kabelo Mathebula,Consumer,P1004,Chromebook Edu,Technology,Laptops,Northern Cape,Inland,Kimberley,Retail Store,Card,Express,1,303.47,0.0,303.47,0.0,303.47,215.99,215.99,87.48,0.2883,3,Not Returned
ORD100665,2025-12-12,2025-12-14,C0343,Chipo Mahlangu,Corporate,P1034,Laptop Backpack,Apparel,Bags,Western Cape,Coastal,Stellenbosch,Retail Store,EFT,Collection,2,29.19,0.1,58.38,5.84,52.54,17.85,35.7,16.84,0.3205,2,Not Returned
ORD100666,2024-07-27,2024-07-29,C0455,Thabo Williams,Consumer,P1016,Stapler Heavy Duty,Office Supplies,Desk Accessories,Free State,Inland,Bloemfontein,Online,Mobile Money,Express,4,9.41,0.05,37.64,1.88,35.76,4.3,17.2,18.56,0.519,2,Not Returned
ORD100667,2025-02-05,2025-02-12,C0262,Mpho Ndlovu,Corporate,P1031,Corporate Shirt,Apparel,Workwear,Limpopo,Inland,Thohoyandou,Online,EFT,Standard,2,16.09,0.1,32.18,3.22,28.96,7.36,14.72,14.24,0.4917,7,Not Returned
ORD100668,2023-03-26,2023-03-28,C0034,Lerato Gumede,Consumer,P1028,Air Fryer 5L,Home & Kitchen,Appliances,Western Cape,Coastal,Cape Town,Retail Store,Card,Collection,2,112.31,0.0,224.62,0.0,224.62,73.57,147.14,77.48,0.3449,2,Not Returned
ORD100669,2024-10-11,2024-10-15,C0255,Sibusiso Mathebula,Consumer,P1008,External SSD 1TB,Technology,Storage,Western Cape,Coastal,Bellville,Online,Card,Collection,2,78.91,0.15,157.82,23.67,134.15,47.13,94.26,39.89,0.2974,4,Not Returned
ORD100670,2024-08-26,2024-09-01,C0252,Precious Maseko,Corporate,P1012,Ballpoint Pen Pack,Office Supplies,Paper & Stationery,Western Cape,Coastal,George,Corporate Account,Mobile Money,Standard,4,3.77,0.2,15.08,3.02,12.06,1.92,7.68,4.38,0.3632,6,Not Returned
ORD100671,2023-05-27,2023-05-28,C0357,Mpho Mahlangu,Small Business,P1012,Ballpoint Pen Pack,Office Supplies,Paper & Stationery,Western Cape,Coastal,Stellenbosch,Retail Store,Card,Express,4,4.21,0.2,16.84,3.37,13.47,2.12,8.48,4.99,0.3705,1,Not Returned
ORD100672,2025-07-30,2025-08-02,C0284,Mpho Dube,Small Business,P1029,Cookware Set,Home & Kitchen,Cookware,Western Cape,Coastal,Stellenbosch,Online,Card,Collection,1,78.49,0.0,78.49,0.0,78.49,48.4,48.4,30.09,0.3834,3,Not Returned
ORD100673,2025-04-07,2025-04-10,C0416,Rumbidzai Khumalo,Consumer,P1023,Bookshelf 5 Tier,Furniture,Storage,Mpumalanga,Inland,Middelburg,Online,EFT,Same Day,3,88.27,0.0,264.81,0.0,264.81,53.59,160.77,104.04,0.3929,3,Not Returned
ORD100674,2023-11-02,2023-11-04,C0085,Precious Gumede,Small Business,P1025,Microwave 30L,Home & Kitchen,Appliances,KwaZulu-Natal,Coastal,Pietermaritzburg,Online,Card,Express,1,88.76,0.15,88.76,13.31,75.45,64.76,64.76,10.69,0.1417,2,Not Returned
ORD100675,2025-08-17,2025-08-20,C0369,Nandi Dube,Consumer,P1014,Ink Cartridge Colour,Office Supplies,Printing,KwaZulu-Natal,Coastal,Pietermaritzburg,Online,Card,Collection,3,29.66,0.05,88.98,4.45,84.53,17.76,53.28,31.25,0.3697,3,Not Returned
ORD100676,2025-12-10,2025-12-15,C0499,Kabelo Patel,Corporate,P1022,Filing Cabinet 4 Drawer,Furniture,Storage,Eastern Cape,Coastal,Gqeberha,Corporate Account,Card,Express,2,114.66,0.1,229.32,22.93,206.39,69.46,138.92,67.47,0.3269,5,Not Returned
ORD100677,2025-10-20,2025-10-25,C0279,Sipho Mokoena,Small Business,P1006,Keyboard Combo,Technology,Accessories,Western Cape,Coastal,Bellville,Online,EFT,Standard,1,22.63,0.0,22.63,0.0,22.63,13.91,13.91,8.72,0.3853,5,Not Returned
ORD100678,2024-09-05,2024-09-11,C0465,Lerato Khumalo,Consumer,P1027,Toaster 4 Slice,Home & Kitchen,Small Appliances,Gauteng,Inland,Midrand,Call Centre,Card,Same Day,4,37.38,0.05,149.52,7.48,142.04,23.55,94.2,47.84,0.3368,6,Not Returned
ORD100679,2024-11-07,2024-11-09,C0224,Kudzai Ndlovu,Consumer,P1020,Office Desk 1200mm,Furniture,Desks,Gauteng,Inland,Pretoria,Retail Store,Card,Standard,1,183.0,0.0,183.0,0.0,183.0,123.55,123.55,59.45,0.3249,2,Not Returned
ORD100680,2023-12-25,2023-12-31,C0148,Sipho Williams,Corporate,P1026,Kettle Stainless Steel,Home & Kitchen,Small Appliances,KwaZulu-Natal,Coastal,Durban,Call Centre,EFT,Standard,1,24.33,0.0,24.33,0.0,24.33,14.96,14.96,9.37,0.3851,6,Not Returned
ORD100681,2023-07-05,2023-07-08,C0427,Nandi Mabena,Consumer,P1004,Chromebook Edu,Technology,Laptops,KwaZulu-Natal,Coastal,Pietermaritzburg,Online,Card,Collection,1,274.45,0.0,274.45,0.0,274.45,241.81,241.81,32.64,0.1189,3,Not Returned
ORD100682,2025-03-01,2025-03-03,C0107,Sibusiso Gumede,Corporate,P1027,Toaster 4 Slice,Home & Kitchen,Small Appliances,Gauteng,Inland,Soweto,Online,Card,Standard,2,37.37,0.1,74.74,7.47,67.27,23.66,47.32,19.95,0.2966,2,Not Returned
ORD100683,2023-12-18,2023-12-22,C0081,Amina Moyo,Small Business,P1024,Reception Chair,Furniture,Chairs,Limpopo,Inland,Polokwane,Call Centre,Card,Standard,3,58.92,0.05,176.76,8.84,167.92,37.83,113.49,54.43,0.3241,4,Not Returned
ORD100684,2023-05-21,2023-05-27,C0416,Rumbidzai Khumalo,Consumer,P1016,Stapler Heavy Duty,Office Supplies,Desk Accessories,Mpumalanga,Inland,Middelburg,Corporate Account,Card,Collection,2,9.25,0.0,18.5,0.0,18.5,4.59,9.18,9.32,0.5038,6,Not Returned
ORD100685,2025-11-16,2025-11-20,C0376,Sipho Patel,Small Business,P1009,HDMI Cable,Technology,Accessories,Northern Cape,Inland,Upington,Retail Store,Card,Same Day,1,6.55,0.0,6.55,0.0,6.55,3.07,3.07,3.48,0.5313,4,Not Returned
ORD100686,2025-12-16,2025-12-20,C0161,Mpho Chuma,Corporate,P1018,Whiteboard Marker Set,Office Supplies,Presentation,Western Cape,Coastal,Cape Town,Corporate Account,Cash,Standard,3,7.16,0.15,21.48,3.22,18.26,4.09,12.27,5.99,0.328,4,Not Returned
ORD100687,2023-03-22,2023-03-27,C0431,Sibusiso Mathebula,Consumer,P1016,Stapler Heavy Duty,Office Supplies,Desk Accessories,Gauteng,Inland,Soweto,Retail Store,Cash,Express,10,7.97,0.0,79.7,0.0,79.7,4.35,43.5,36.2,0.4542,5,Not Returned
ORD100688,2024-09-01,2024-09-02,C0369,Nandi Dube,Consumer,P1033,Reflective Jacket,Apparel,Workwear,KwaZulu-Natal,Coastal,Pietermaritzburg,Online,Card,Express,3,18.18,0.05,54.54,2.73,51.81,10.9,32.7,19.11,0.3688,1,Not Returned
ORD100689,2025-06-03,2025-06-05,C0175,Nokuthula Mthembu,Consumer,P1001,Laptop Pro 14,Technology,Laptops,Gauteng,Inland,Soweto,Retail Store,Card,Collection,2,723.11,0.1,1446.22,144.62,1301.6,460.16,920.32,381.28,0.2929,2,Not Returned
ORD100690,2024-05-05,2024-05-08,C0046,Nandi Mathebula,Consumer,P1005,Wireless Mouse,Technology,Accessories,Gauteng,Inland,Soweto,Retail Store,EFT,Standard,1,10.69,0.0,10.69,0.0,10.69,4.9,4.9,5.79,0.5416,3,Not Returned
ORD100691,2024-03-20,2024-03-22,C0321,Chipo Nkosi,Consumer,P1008,External SSD 1TB,Technology,Storage,North West,Inland,Klerksdorp,Call Centre,Card,Standard,1,68.16,0.1,68.16,6.82,61.34,42.56,42.56,18.78,0.3062,2,Not Returned
ORD100692,2024-10-29,2024-10-31,C0374,Nandi Maseko,Consumer,P1013,Printer Toner Black,Office Supplies,Printing,Western Cape,Coastal,Cape Town,Online,Card,Express,2,66.89,0.0,133.78,0.0,133.78,44.81,89.62,44.16,0.3301,2,Not Returned
ORD100693,2025-08-03,2025-08-06,C0017,Nandi Gumede,Small Business,P1029,Cookware Set,Home & Kitchen,Cookware,Western Cape,Coastal,Bellville,Online,Card,Standard,1,79.9,0.0,79.9,0.0,79.9,50.9,50.9,29.0,0.363,3,Not Returned
ORD100694,2023-10-07,2023-10-08,C0374,Nandi Maseko,Consumer,P1018,Whiteboard Marker Set,Office Supplies,Presentation,Western Cape,Coastal,Cape Town,Online,EFT,Standard,3,7.45,0.05,22.35,1.12,21.23,3.95,11.85,9.38,0.4418,1,Not Returned
ORD100695,2023-11-21,2023-12-01,C0297,Nomsa Mahlangu,Small Business,P1010,A4 Copy Paper Box,Office Supplies,Paper & Stationery,Gauteng,Inland,Midrand,Online,Card,Standard,3,24.49,0.0,73.47,0.0,73.47,15.1,45.3,28.17,0.3834,10,Returned
ORD100696,2025-06-27,2025-06-29,C0450,Farai Gumede,Consumer,P1031,Corporate Shirt,Apparel,Workwear,Gauteng,Inland,Pretoria,Online,Cash,Collection,2,16.17,0.0,32.34,0.0,32.34,7.14,14.28,18.06,0.5584,2,Not Returned
ORD100697,2025-06-22,2025-06-25,C0288,Chipo Williams,Consumer,P1012,Ballpoint Pen Pack,Office Supplies,Paper & Stationery,Free State,Inland,Bloemfontein,Retail Store,Mobile Money,Standard,3,4.28,0.1,12.84,1.28,11.56,1.97,5.91,5.65,0.4888,3,Not Returned
ORD100698,2024-09-23,2024-09-27,C0173,Chipo Moyo,Small Business,P1017,Lever Arch File Pack,Office Supplies,Filing,Eastern Cape,Coastal,East London,Online,Card,Standard,2,7.78,0.0,15.56,0.0,15.56,3.95,7.9,7.66,0.4923,4,Returned
ORD100699,2024-06-24,2024-06-27,C0240,Tendai Mthembu,Corporate,P1021,Boardroom Table,Furniture,Tables,Gauteng,Inland,Midrand,Online,EFT,Standard,2,443.7,0.05,887.4,44.37,843.03,320.6,641.2,201.83,0.2394,3,Not Returned
ORD100700,2023-07-17,2023-07-19,C0443,Nomsa Mahlangu,Consumer,P1018,Whiteboard Marker Set,Office Supplies,Presentation,Gauteng,Inland,Johannesburg,Online,Card,Standard,1,7.42,0.1,7.42,0.74,6.68,3.95,3.95,2.73,0.4087,2,Not Returned
ORD100701,2024-10-31,2024-11-04,C0238,Kudzai Chuma,Small Business,P1004,Chromebook Edu,Technology,Laptops,KwaZulu-Natal,Coastal,Pietermaritzburg,Call Centre,Card,Standard,1,330.48,0.15,330.48,49.57,280.91,224.16,224.16,56.75,0.202,4,Not Returned
ORD100702,2024-11-12,2024-11-14,C0070,Zanele Naidoo,Consumer,P1028,Air Fryer 5L,Home & Kitchen,Appliances,Western Cape,Coastal,Bellville,Online,Card,Standard,4,117.96,0.0,471.84,0.0,471.84,77.17,308.68,163.16,0.3458,2,Not Returned
ORD100703,2023-05-16,2023-05-21,C0189,Nandi Patel,Small Business,P1014,Ink Cartridge Colour,Office Supplies,Printing,Eastern Cape,Coastal,East London,Online,Mobile Money,Standard,3,28.68,0.05,86.04,4.3,81.74,20.38,61.14,20.6,0.252,5,Not Returned
ORD100704,2025-10-20,2025-10-25,C0475,Nokuthula Williams,Small Business,P1033,Reflective Jacket,Apparel,Workwear,Gauteng,Inland,Soweto,Call Centre,Cash,Standard,1,20.18,0.1,20.18,2.02,18.16,11.55,11.55,6.61,0.364,5,Not Returned
ORD100705,2023-07-14,2023-07-17,C0285,Nomsa Mabena,Consumer,P1005,Wireless Mouse,Technology,Accessories,Gauteng,Inland,Midrand,Call Centre,Cash,Standard,1,9.89,0.1,9.89,0.99,8.9,5.06,5.06,3.84,0.4315,3,Not Returned
ORD100706,2023-12-26,2023-12-29,C0440,Farai Khumalo,Small Business,P1008,External SSD 1TB,Technology,Storage,Northern Cape,Inland,Upington,Corporate Account,EFT,Standard,1,78.03,0.0,78.03,0.0,78.03,44.61,44.61,33.42,0.4283,3,Not Returned
ORD100707,2025-07-08,2025-07-09,C0414,Nandi Sibanda,Small Business,P1034,Laptop Backpack,Apparel,Bags,Gauteng,Inland,Johannesburg,Retail Store,Mobile Money,Standard,1,29.83,0.05,29.83,1.49,28.34,17.29,17.29,11.05,0.3899,1,Not Returned
ORD100708,2023-09-12,2023-09-15,C0391,Nomsa Ndlovu,Corporate,P1033,Reflective Jacket,Apparel,Workwear,Northern Cape,Inland,Kimberley,Retail Store,Card,Standard,3,21.62,0.0,64.86,0.0,64.86,10.79,32.37,32.49,0.5009,3,Not Returned
ORD100709,2023-12-27,2024-01-06,C0050,Thabo Sibanda,Consumer,P1017,Lever Arch File Pack,Office Supplies,Filing,Gauteng,Inland,Soweto,Retail Store,Mobile Money,Standard,1,8.79,0.05,8.79,0.44,8.35,4.17,4.17,4.18,0.5006,10,Not Returned
ORD100710,2025-11-23,2025-11-25,C0141,Blessing Gumede,Consumer,P1026,Kettle Stainless Steel,Home & Kitchen,Small Appliances,Eastern Cape,Coastal,Gqeberha,Corporate Account,Card,Collection,5,24.64,0.0,123.2,0.0,123.2,13.35,66.75,56.45,0.4582,2,Returned
ORD100711,2023-02-18,2023-02-21,C0146,Tendai Mahlangu,Consumer,P1008,External SSD 1TB,Technology,Storage,Gauteng,Inland,Soweto,Online,Card,Collection,1,69.77,0.0,69.77,0.0,69.77,47.46,47.46,22.31,0.3198,3,Not Returned
ORD100712,2024-05-23,2024-05-26,C0199,Amina Gumede,Corporate,P1019,Ergonomic Chair,Furniture,Chairs,Free State,Inland,Welkom,Corporate Account,EFT,Standard,2,137.69,0.0,275.38,0.0,275.38,94.15,188.3,87.08,0.3162,3,Not Returned
ORD100713,2023-12-09,2023-12-13,C0179,Precious Naidoo,Small Business,P1002,Laptop Lite 13,Technology,Laptops,Gauteng,Inland,Midrand,Call Centre,Mobile Money,Standard,2,474.81,0.0,949.62,0.0,949.62,343.38,686.76,262.86,0.2768,4,Returned
ORD100714,2023-12-22,2023-12-28,C0248,Lerato Mabena,Consumer,P1024,Reception Chair,Furniture,Chairs,Free State,Inland,Sasolburg,Online,Card,Express,4,56.7,0.1,226.8,22.68,204.12,35.27,141.08,63.04,0.3088,6,Not Returned
ORD100715,2024-07-01,2024-07-08,C0433,Thabo Sibanda,Corporate,P1012,Ballpoint Pen Pack,Office Supplies,Paper & Stationery,Gauteng,Inland,Midrand,Online,EFT,Same Day,2,3.54,0.0,7.08,0.0,7.08,2.11,4.22,2.86,0.404,7,Not Returned
ORD100716,2024-02-17,2024-02-21,C0318,Nokuthula Patel,Consumer,P1012,Ballpoint Pen Pack,Office Supplies,Paper & Stationery,Gauteng,Inland,Midrand,Call Centre,Card,Standard,1,3.84,0.0,3.84,0.0,3.84,2.08,2.08,1.76,0.4583,4,Not Returned
ORD100717,2025-06-22,2025-06-26,C0280,Amina Maseko,Corporate,P1007,USB-C Dock,Technology,Accessories,North West,Inland,Rustenburg,Online,Mobile Money,Standard,1,85.21,0.0,85.21,0.0,85.21,54.96,54.96,30.25,0.355,4,Not Returned
ORD100718,2025-02-20,2025-02-24,C0398,Sibusiso Mthembu,Consumer,P1027,Toaster 4 Slice,Home & Kitchen,Small Appliances,Western Cape,Coastal,Stellenbosch,Online,EFT,Express,1,37.45,0.0,37.45,0.0,37.45,23.72,23.72,13.73,0.3666,4,Not Returned
ORD100719,2023-12-26,2023-12-27,C0226,Tariro Khumalo,Consumer,P1032,Safety Shoes,Apparel,Footwear,KwaZulu-Natal,Coastal,Pietermaritzburg,Online,EFT,Standard,2,46.17,0.0,92.34,0.0,92.34,27.51,55.02,37.32,0.4042,1,Not Returned
ORD100720,2023-10-07,2023-10-09,C0446,Kabelo Mathebula,Small Business,P1026,Kettle Stainless Steel,Home & Kitchen,Small Appliances,Limpopo,Inland,Tzaneen,Online,Cash,Express,4,21.14,0.1,84.56,8.46,76.1,13.66,54.64,21.46,0.282,2,Not Returned
ORD100721,2025-02-05,2025-02-07,C0413,Blessing Naidoo,Small Business,P1022,Filing Cabinet 4 Drawer,Furniture,Storage,Gauteng,Inland,Midrand,Call Centre,Card,Standard,1,89.99,0.0,89.99,0.0,89.99,67.97,67.97,22.02,0.2447,2,Not Returned
ORD100722,2023-05-26,2023-05-29,C0347,Mpho Patel,Consumer,P1015,Desk Organiser,Office Supplies,Desk Accessories,Free State,Inland,Bloemfontein,Call Centre,Card,Express,3,13.2,0.1,39.6,3.96,35.64,6.67,20.01,15.63,0.4386,3,Not Returned
ORD100723,2024-06-06,2024-06-11,C0351,Zanele Williams,Consumer,P1008,External SSD 1TB,Technology,Storage,Eastern Cape,Coastal,Gqeberha,Retail Store,EFT,Standard,1,72.93,0.0,72.93,0.0,72.93,46.67,46.67,26.26,0.3601,5,Not Returned
ORD100724,2023-04-29,2023-05-02,C0282,Precious Mabena,Small Business,P1035,Rain Jacket,Apparel,Outerwear,KwaZulu-Natal,Coastal,Umhlanga,Online,Card,Collection,3,39.39,0.0,118.17,0.0,118.17,19.31,57.93,60.24,0.5098,3,Not Returned
ORD100725,2023-02-27,2023-03-03,C0045,Nandi Sibanda,Corporate,P1014,Ink Cartridge Colour,Office Supplies,Printing,Gauteng,Inland,Johannesburg,Retail Store,EFT,Standard,2,28.2,0.05,56.4,2.82,53.58,18.43,36.86,16.72,0.3121,4,Not Returned
ORD100726,2025-06-23,2025-06-25,C0268,Tendai Williams,Small Business,P1032,Safety Shoes,Apparel,Footwear,Western Cape,Coastal,Bellville,Retail Store,Mobile Money,Standard,3,46.39,0.1,139.17,13.92,125.25,28.05,84.15,41.1,0.3281,2,Not Returned
ORD100727,2024-01-22,2024-01-25,C0453,Amina Mthembu,Consumer,P1017,Lever Arch File Pack,Office Supplies,Filing,Western Cape,Coastal,Bellville,Retail Store,EFT,Standard,1,7.63,0.05,7.63,0.38,7.25,4.21,4.21,3.04,0.4193,3,Not Returned
ORD100728,2025-02-22,2025-02-24,C0191,Nokuthula Mthembu,Consumer,P1029,Cookware Set,Home & Kitchen,Cookware,Eastern Cape,Coastal,Mthatha,Call Centre,Cash,Standard,1,81.87,0.05,81.87,4.09,77.78,52.23,52.23,25.55,0.3285,2,Not Returned
ORD100729,2024-12-06,2024-12-12,C0248,Lerato Mabena,Consumer,P1026,Kettle Stainless Steel,Home & Kitchen,Small Appliances,Free State,Inland,Sasolburg,Corporate Account,EFT,Standard,1,27.29,0.0,27.29,0.0,27.29,13.65,13.65,13.64,0.4998,6,Not Returned
ORD100730,2023-12-11,2023-12-14,C0426,Nokuthula Mthembu,Corporate,P1008,External SSD 1TB,Technology,Storage,Western Cape,Coastal,Bellville,Retail Store,EFT,Express,1,80.15,0.0,80.15,0.0,80.15,48.4,48.4,31.75,0.3961,3,Returned
ORD100731,2023-11-24,2023-12-01,C0077,Thabo Williams,Corporate,P1027,Toaster 4 Slice,Home & Kitchen,Small Appliances,KwaZulu-Natal,Coastal,Umhlanga,Online,Mobile Money,Standard,3,38.51,0.1,115.53,11.55,103.98,24.18,72.54,31.44,0.3024,7,Not Returned
ORD100732,2023-06-24,2023-06-25,C0262,Mpho Ndlovu,Corporate,P1012,Ballpoint Pen Pack,Office Supplies,Paper & Stationery,Limpopo,Inland,Thohoyandou,Call Centre,Cash,Standard,5,4.16,0.0,20.8,0.0,20.8,1.94,9.7,11.1,0.5337,1,Not Returned
ORD100733,2023-08-12,2023-08-18,C0004,Nomsa Naidoo,Small Business,P1019,Ergonomic Chair,Furniture,Chairs,Gauteng,Inland,Pretoria,Online,Card,Standard,1,152.83,0.0,152.83,0.0,152.83,96.71,96.71,56.12,0.3672,6,Not Returned
ORD100734,2024-04-25,2024-04-29,C0241,Tendai Mthembu,Small Business,P1014,Ink Cartridge Colour,Office Supplies,Printing,Gauteng,Inland,Johannesburg,Online,Cash,Standard,3,32.92,0.05,98.76,4.94,93.82,19.7,59.1,34.72,0.3701,4,Not Returned
ORD100735,2024-06-19,2024-06-22,C0444,Tariro Nkosi,Consumer,P1032,Safety Shoes,Apparel,Footwear,Gauteng,Inland,Soweto,Corporate Account,Mobile Money,Standard,1,43.01,0.05,43.01,2.15,40.86,27.78,27.78,13.08,0.3201,3,Not Returned
ORD100736,2024-11-21,2024-11-23,C0495,Thabo Dube,Consumer,P1001,Laptop Pro 14,Technology,Laptops,Western Cape,Coastal,Bellville,Online,Card,Standard,2,646.07,0.0,1292.14,0.0,1292.14,482.32,964.64,327.5,0.2535,2,Not Returned
ORD100737,2025-01-09,2025-01-11,C0450,Farai Gumede,Consumer,P1015,Desk Organiser,Office Supplies,Desk Accessories,Gauteng,Inland,Pretoria,Online,Card,Standard,3,12.34,0.0,37.02,0.0,37.02,7.35,22.05,14.97,0.4044,2,Returned
ORD100738,2025-07-24,2025-07-31,C0375,Tendai Maseko,Small Business,P1007,USB-C Dock,Technology,Accessories,Western Cape,Coastal,George,Call Centre,Card,Standard,1,83.38,0.0,83.38,0.0,83.38,53.95,53.95,29.43,0.353,7,Not Returned
ORD100739,2025-12-22,2025-12-24,C0174,Nandi Ndlovu,Small Business,P1021,Boardroom Table,Furniture,Tables,Free State,Inland,Welkom,Online,EFT,Express,1,429.51,0.0,429.51,0.0,429.51,342.31,342.31,87.2,0.203,2,Not Returned
ORD100740,2025-08-31,2025-09-02,C0435,Tariro Naidoo,Consumer,P1027,Toaster 4 Slice,Home & Kitchen,Small Appliances,Western Cape,Coastal,Cape Town,Retail Store,Mobile Money,Standard,1,38.5,0.0,38.5,0.0,38.5,23.07,23.07,15.43,0.4008,2,Returned
ORD100741,2025-01-07,2025-01-13,C0468,Farai Mokoena,Corporate,P1001,Laptop Pro 14,Technology,Laptops,Limpopo,Inland,Polokwane,Retail Store,EFT,Standard,2,679.51,0.0,1359.02,0.0,1359.02,522.81,1045.62,313.4,0.2306,6,Not Returned
ORD100742,2023-06-16,2023-06-18,C0281,Zanele Ndlovu,Small Business,P1002,Laptop Lite 13,Technology,Laptops,Limpopo,Inland,Tzaneen,Retail Store,EFT,Express,2,507.44,0.0,1014.88,0.0,1014.88,348.63,697.26,317.62,0.313,2,Not Returned
ORD100743,2023-07-25,2023-07-27,C0347,Mpho Patel,Consumer,P1025,Microwave 30L,Home & Kitchen,Appliances,Free State,Inland,Bloemfontein,Online,EFT,Express,3,96.31,0.05,288.93,14.45,274.48,59.24,177.72,96.76,0.3525,2,Not Returned
ORD100744,2023-12-12,2023-12-18,C0179,Precious Naidoo,Small Business,P1007,USB-C Dock,Technology,Accessories,Gauteng,Inland,Midrand,Retail Store,Cash,Standard,2,91.03,0.15,182.06,27.31,154.75,56.51,113.02,41.73,0.2697,6,Not Returned
ORD100745,2025-07-02,2025-07-05,C0498,Thabo Dube,Consumer,P1006,Keyboard Combo,Technology,Accessories,Western Cape,Coastal,George,Online,Card,Collection,1,22.73,0.05,22.73,1.14,21.59,12.63,12.63,8.96,0.415,3,Not Returned
ORD100746,2023-06-21,2023-06-25,C0200,Blessing Mathebula,Corporate,P1013,Printer Toner Black,Office Supplies,Printing,Western Cape,Coastal,Bellville,Online,Card,Express,3,69.54,0.05,208.62,10.43,198.19,41.81,125.43,72.76,0.3671,4,Not Returned
ORD100747,2025-09-02,2025-09-05,C0499,Kabelo Patel,Corporate,P1007,USB-C Dock,Technology,Accessories,Eastern Cape,Coastal,Gqeberha,Call Centre,EFT,Standard,1,86.18,0.0,86.18,0.0,86.18,55.4,55.4,30.78,0.3572,3,Not Returned
ORD100748,2024-11-12,2024-11-15,C0009,Zanele Maseko,Consumer,P1033,Reflective Jacket,Apparel,Workwear,Gauteng,Inland,Soweto,Retail Store,EFT,Standard,3,19.55,0.0,58.65,0.0,58.65,11.12,33.36,25.29,0.4312,3,Not Returned
ORD100749,2025-02-20,2025-02-25,C0100,Nokuthula Maseko,Small Business,P1030,Dinner Set 16 Piece,Home & Kitchen,Dining,Eastern Cape,Coastal,Gqeberha,Retail Store,Card,Standard,2,44.95,0.15,89.9,13.49,76.41,24.13,48.26,28.15,0.3684,5,Not Returned
ORD100750,2024-06-14,2024-06-18,C0484,Nomsa Maseko,Corporate,P1035,Rain Jacket,Apparel,Outerwear,Limpopo,Inland,Polokwane,Corporate Account,Card,Standard,2,36.21,0.05,72.42,3.62,68.8,19.33,38.66,30.14,0.4381,4,Not Returned
ORD100751,2024-10-03,2024-10-07,C0214,Mpho Sibanda,Small Business,P1009,HDMI Cable,Technology,Accessories,Mpumalanga,Inland,Middelburg,Online,EFT,Collection,1,5.88,0.0,5.88,0.0,5.88,2.97,2.97,2.91,0.4949,4,Returned
ORD100752,2025-05-17,2025-05-19,C0291,Kabelo Mthembu,Corporate,P1001,Laptop Pro 14,Technology,Laptops,Free State,Inland,Bloemfontein,Corporate Account,EFT,Express,1,677.72,0.05,677.72,33.89,643.83,474.15,474.15,169.68,0.2635,2,Not Returned
ORD100753,2025-06-09,2025-06-15,C0256,Kabelo Patel,Consumer,P1026,Kettle Stainless Steel,Home & Kitchen,Small Appliances,Mpumalanga,Inland,Middelburg,Corporate Account,Card,Standard,5,25.84,0.0,129.2,0.0,129.2,14.19,70.95,58.25,0.4509,6,Not Returned
ORD100754,2023-11-19,2023-11-22,C0210,Amina Ndlovu,Corporate,P1026,Kettle Stainless Steel,Home & Kitchen,Small Appliances,KwaZulu-Natal,Coastal,Umhlanga,Corporate Account,Card,Standard,2,25.74,0.0,51.48,0.0,51.48,14.64,29.28,22.2,0.4312,3,Not Returned
ORD100755,2025-10-25,2025-10-27,C0082,Tariro Sibanda,Consumer,P1011,Premium Notebook,Office Supplies,Paper & Stationery,North West,Inland,Klerksdorp,Retail Store,Card,Collection,3,5.06,0.05,15.18,0.76,14.42,2.4,7.2,7.22,0.5007,2,Not Returned
ORD100756,2025-10-10,2025-10-14,C0163,Sibusiso Ndlovu,Corporate,P1026,Kettle Stainless Steel,Home & Kitchen,Small Appliances,Gauteng,Inland,Soweto,Online,Cash,Standard,3,24.0,0.1,72.0,7.2,64.8,14.61,43.83,20.97,0.3236,4,Not Returned
ORD100757,2024-04-05,2024-04-09,C0332,Nandi Williams,Consumer,P1015,Desk Organiser,Office Supplies,Desk Accessories,Gauteng,Inland,Soweto,Online,EFT,Standard,1,14.63,0.1,14.63,1.46,13.17,6.72,6.72,6.45,0.4897,4,Not Returned
ORD100758,2023-11-23,2023-11-25,C0400,Farai Gumede,Consumer,P1009,HDMI Cable,Technology,Accessories,Limpopo,Inland,Thohoyandou,Retail Store,Mobile Money,Express,1,6.92,0.0,6.92,0.0,6.92,2.92,2.92,4.0,0.578,2,Not Returned
ORD100759,2024-11-07,2024-11-09,C0032,Brian Mahlangu,Corporate,P1018,Whiteboard Marker Set,Office Supplies,Presentation,Free State,Inland,Sasolburg,Corporate Account,Card,Standard,1,8.09,0.05,8.09,0.4,7.69,3.86,3.86,3.83,0.498,2,Not Returned
ORD100760,2023-04-21,2023-04-23,C0103,Kudzai Dube,Small Business,P1017,Lever Arch File Pack,Office Supplies,Filing,Gauteng,Inland,Soweto,Online,Card,Express,3,8.95,0.0,26.85,0.0,26.85,4.0,12.0,14.85,0.5531,2,Not Returned
ORD100761,2024-08-19,2024-08-22,C0145,Zanele Mathebula,Consumer,P1033,Reflective Jacket,Apparel,Workwear,Free State,Inland,Sasolburg,Online,EFT,Standard,2,21.91,0.0,43.82,0.0,43.82,11.25,22.5,21.32,0.4865,3,Not Returned
ORD100762,2023-07-28,2023-08-01,C0110,Sibusiso Nkosi,Consumer,P1013,Printer Toner Black,Office Supplies,Printing,Mpumalanga,Inland,Middelburg,Call Centre,EFT,Standard,3,67.34,0.05,202.02,10.1,191.92,42.38,127.14,64.78,0.3375,4,Not Returned
ORD100763,2023-12-23,2023-12-26,C0136,Lerato Mokoena,Corporate,P1032,Safety Shoes,Apparel,Footwear,Eastern Cape,Coastal,East London,Retail Store,Card,Standard,4,42.23,0.1,168.92,16.89,152.03,28.33,113.32,38.71,0.2546,3,Not Returned
ORD100764,2023-11-01,2023-11-04,C0169,Nomsa Naidoo,Consumer,P1035,Rain Jacket,Apparel,Outerwear,Eastern Cape,Coastal,East London,Online,EFT,Express,3,31.13,0.15,93.39,14.01,79.38,19.06,57.18,22.2,0.2797,3,Returned
ORD100765,2023-12-20,2023-12-22,C0385,Precious Williams,Consumer,P1013,Printer Toner Black,Office Supplies,Printing,North West,Inland,Klerksdorp,Corporate Account,EFT,Collection,1,66.67,0.0,66.67,0.0,66.67,44.14,44.14,22.53,0.3379,2,Not Returned
ORD100766,2025-02-21,2025-02-22,C0446,Kabelo Mathebula,Small Business,P1017,Lever Arch File Pack,Office Supplies,Filing,Limpopo,Inland,Tzaneen,Online,Card,Standard,2,7.4,0.05,14.8,0.74,14.06,4.0,8.0,6.06,0.431,1,Not Returned
ORD100767,2025-11-09,2025-11-19,C0315,Nomsa Gumede,Consumer,P1029,Cookware Set,Home & Kitchen,Cookware,Gauteng,Inland,Pretoria,Retail Store,EFT,Standard,2,73.53,0.0,147.06,0.0,147.06,46.63,93.26,53.8,0.3658,10,Not Returned
ORD100768,2024-01-06,2024-01-12,C0335,Nokuthula Ndlovu,Corporate,P1026,Kettle Stainless Steel,Home & Kitchen,Small Appliances,Gauteng,Inland,Midrand,Retail Store,Card,Standard,2,26.28,0.05,52.56,2.63,49.93,13.37,26.74,23.19,0.4645,6,Not Returned
ORD100769,2024-01-14,2024-01-18,C0048,Thabo Moyo,Consumer,P1021,Boardroom Table,Furniture,Tables,Northern Cape,Inland,Kimberley,Corporate Account,Cash,Standard,1,470.03,0.0,470.03,0.0,470.03,319.67,319.67,150.36,0.3199,4,Not Returned
ORD100770,2023-05-11,2023-05-14,C0207,Nomsa Mabena,Consumer,P1021,Boardroom Table,Furniture,Tables,Gauteng,Inland,Midrand,Corporate Account,Card,Express,2,409.52,0.0,819.04,0.0,819.04,336.96,673.92,145.12,0.1772,3,Not Returned
ORD100771,2023-07-01,2023-07-03,C0292,Amina Mokoena,Consumer,P1030,Dinner Set 16 Piece,Home & Kitchen,Dining,Gauteng,Inland,Soweto,Online,Card,Standard,2,43.28,0.0,86.56,0.0,86.56,23.3,46.6,39.96,0.4616,2,Not Returned
ORD100772,2023-11-05,2023-11-06,C0205,Precious Gumede,Consumer,P1009,HDMI Cable,Technology,Accessories,Eastern Cape,Coastal,Mthatha,Online,EFT,Standard,2,6.36,0.05,12.72,0.64,12.08,3.03,6.06,6.02,0.4983,1,Not Returned
ORD100773,2023-01-01,2023-01-04,C0014,Mpho Maseko,Consumer,P1033,Reflective Jacket,Apparel,Workwear,North West,Inland,Klerksdorp,Corporate Account,Card,Standard,4,19.02,0.05,76.08,3.8,72.28,11.03,44.12,28.16,0.3896,3,Not Returned
ORD100774,2023-10-14,2023-10-20,C0193,Nomsa Maseko,Corporate,P1014,Ink Cartridge Colour,Office Supplies,Printing,Eastern Cape,Coastal,Mthatha,Call Centre,Card,Standard,2,28.61,0.0,57.22,0.0,57.22,18.67,37.34,19.88,0.3474,6,Not Returned
ORD100775,2024-03-05,2024-03-08,C0022,Mpho Mathebula,Small Business,P1018,Whiteboard Marker Set,Office Supplies,Presentation,KwaZulu-Natal,Coastal,Durban,Online,Card,Collection,3,8.24,0.1,24.72,2.47,22.25,4.24,12.72,9.53,0.4283,3,Returned
ORD100776,2024-03-16,2024-03-18,C0410,Rumbidzai Mathebula,Corporate,P1019,Ergonomic Chair,Furniture,Chairs,KwaZulu-Natal,Coastal,Umhlanga,Online,Card,Express,1,154.53,0.1,154.53,15.45,139.08,96.65,96.65,42.43,0.3051,2,Not Returned
ORD100777,2023-06-02,2023-06-04,C0047,Mpho Mabena,Consumer,P1026,Kettle Stainless Steel,Home & Kitchen,Small Appliances,Eastern Cape,Coastal,East London,Online,Card,Collection,5,24.63,0.05,123.15,6.16,116.99,12.58,62.9,54.09,0.4623,2,Not Returned
ORD100778,2025-05-21,2025-05-28,C0350,Sipho Gumede,Corporate,P1028,Air Fryer 5L,Home & Kitchen,Appliances,Limpopo,Inland,Tzaneen,Retail Store,Card,Express,3,118.02,0.2,354.06,70.81,283.25,72.76,218.28,64.97,0.2294,7,Not Returned
ORD100779,2024-01-30,2024-01-31,C0429,Kabelo Chuma,Consumer,P1023,Bookshelf 5 Tier,Furniture,Storage,Gauteng,Inland,Soweto,Retail Store,Card,Collection,4,81.56,0.0,326.24,0.0,326.24,53.13,212.52,113.72,0.3486,1,Not Returned
ORD100780,2024-10-09,2024-10-13,C0040,Kabelo Moyo,Small Business,P1028,Air Fryer 5L,Home & Kitchen,Appliances,Gauteng,Inland,Midrand,Retail Store,Card,Standard,2,109.86,0.1,219.72,21.97,197.75,71.28,142.56,55.19,0.2791,4,Returned
ORD100781,2023-08-14,2023-08-17,C0298,Lerato Patel,Small Business,P1004,Chromebook Edu,Technology,Laptops,Western Cape,Coastal,Stellenbosch,Online,Mobile Money,Collection,1,288.1,0.1,288.1,28.81,259.29,223.31,223.31,35.98,0.1388,3,Not Returned
ORD100782,2023-10-27,2023-11-01,C0213,Brian Sibanda,Small Business,P1014,Ink Cartridge Colour,Office Supplies,Printing,Western Cape,Coastal,George,Online,Mobile Money,Standard,3,32.05,0.05,96.15,4.81,91.34,18.57,55.71,35.63,0.3901,5,Returned
ORD100783,2023-08-04,2023-08-09,C0399,Lerato Nkosi,Small Business,P1019,Ergonomic Chair,Furniture,Chairs,Western Cape,Coastal,Bellville,Corporate Account,EFT,Collection,2,149.06,0.0,298.12,0.0,298.12,100.12,200.24,97.88,0.3283,5,Not Returned
ORD100784,2023-07-15,2023-07-22,C0277,Rumbidzai Mthembu,Small Business,P1021,Boardroom Table,Furniture,Tables,Western Cape,Coastal,Cape Town,Retail Store,EFT,Collection,1,421.99,0.05,421.99,21.1,400.89,324.43,324.43,76.46,0.1907,7,Not Returned
ORD100785,2023-12-16,2023-12-20,C0373,Chipo Moyo,Consumer,P1024,Reception Chair,Furniture,Chairs,Mpumalanga,Inland,Middelburg,Corporate Account,EFT,Collection,1,58.51,0.05,58.51,2.93,55.58,35.12,35.12,20.46,0.3681,4,Not Returned
ORD100786,2025-04-04,2025-04-07,C0402,Amina Mahlangu,Consumer,P1032,Safety Shoes,Apparel,Footwear,Western Cape,Coastal,Bellville,Retail Store,Card,Standard,1,43.4,0.0,43.4,0.0,43.4,27.25,27.25,16.15,0.3721,3,Returned
ORD100787,2025-02-14,2025-02-16,C0347,Mpho Patel,Consumer,P1001,Laptop Pro 14,Technology,Laptops,Free State,Inland,Bloemfontein,Retail Store,Card,Collection,1,659.54,0.0,659.54,0.0,659.54,445.45,445.45,214.09,0.3246,2,Not Returned
ORD100788,2025-05-06,2025-05-09,C0040,Kabelo Moyo,Small Business,P1023,Bookshelf 5 Tier,Furniture,Storage,Gauteng,Inland,Midrand,Corporate Account,EFT,Standard,1,72.88,0.1,72.88,7.29,65.59,53.27,53.27,12.32,0.1878,3,Not Returned
ORD100789,2025-05-26,2025-05-28,C0216,Rumbidzai Khumalo,Consumer,P1007,USB-C Dock,Technology,Accessories,Free State,Inland,Welkom,Online,EFT,Standard,1,93.65,0.1,93.65,9.37,84.28,58.1,58.1,26.18,0.3106,2,Not Returned
ORD100790,2024-09-17,2024-09-21,C0453,Amina Mthembu,Consumer,P1014,Ink Cartridge Colour,Office Supplies,Printing,Western Cape,Coastal,Bellville,Online,Cash,Collection,10,33.79,0.0,337.9,0.0,337.9,19.45,194.5,143.4,0.4244,4,Not Returned
ORD100791,2023-12-05,2023-12-12,C0163,Sibusiso Ndlovu,Corporate,P1015,Desk Organiser,Office Supplies,Desk Accessories,Gauteng,Inland,Soweto,Call Centre,Cash,Standard,5,12.65,0.0,63.25,0.0,63.25,6.94,34.7,28.55,0.4514,7,Not Returned
ORD100792,2025-05-18,2025-05-20,C0294,Nomsa Maseko,Corporate,P1034,Laptop Backpack,Apparel,Bags,KwaZulu-Natal,Coastal,Pinetown,Retail Store,EFT,Express,1,27.05,0.05,27.05,1.35,25.7,17.08,17.08,8.62,0.3354,2,Not Returned
ORD100793,2025-12-26,2026-01-05,C0310,Chipo Maseko,Corporate,P1009,HDMI Cable,Technology,Accessories,Gauteng,Inland,Pretoria,Corporate Account,Cash,Express,2,6.35,0.0,12.7,0.0,12.7,2.75,5.5,7.2,0.5669,10,Not Returned
ORD100794,2025-12-30,2025-12-31,C0350,Sipho Gumede,Corporate,P1019,Ergonomic Chair,Furniture,Chairs,Limpopo,Inland,Tzaneen,Call Centre,Mobile Money,Collection,2,135.31,0.05,270.62,13.53,257.09,101.73,203.46,53.63,0.2086,1,Not Returned
ORD100795,2023-03-28,2023-03-31,C0062,Tariro Moyo,Consumer,P1005,Wireless Mouse,Technology,Accessories,North West,Inland,Mahikeng,Corporate Account,Mobile Money,Standard,1,9.39,0.0,9.39,0.0,9.39,4.9,4.9,4.49,0.4782,3,Not Returned
ORD100796,2025-01-21,2025-01-28,C0454,Brian Mthembu,Consumer,P1002,Laptop Lite 13,Technology,Laptops,Western Cape,Coastal,Stellenbosch,Retail Store,Card,Standard,2,462.13,0.0,924.26,0.0,924.26,367.97,735.94,188.32,0.2038,7,Not Returned
ORD100797,2023-08-20,2023-08-22,C0165,Lerato Mokoena,Consumer,P1028,Air Fryer 5L,Home & Kitchen,Appliances,Gauteng,Inland,Johannesburg,Corporate Account,Cash,Standard,1,112.25,0.05,112.25,5.61,106.64,71.44,71.44,35.2,0.3301,2,Not Returned
ORD100798,2025-09-16,2025-09-20,C0345,Blessing Patel,Consumer,P1028,Air Fryer 5L,Home & Kitchen,Appliances,Gauteng,Inland,Johannesburg,Retail Store,Card,Standard,2,103.13,0.05,206.26,10.31,195.95,69.17,138.34,57.61,0.294,4,Not Returned
ORD100799,2025-11-21,2025-12-01,C0407,Rumbidzai Gumede,Consumer,P1009,HDMI Cable,Technology,Accessories,KwaZulu-Natal,Coastal,Durban,Retail Store,EFT,Standard,1,6.02,0.0,6.02,0.0,6.02,3.01,3.01,3.01,0.5,10,Not Returned
ORD100800,2025-07-31,2025-08-03,C0035,Lerato Ndlovu,Consumer,P1030,Dinner Set 16 Piece,Home & Kitchen,Dining,Western Cape,Coastal,Cape Town,Corporate Account,Card,Standard,2,40.49,0.05,80.98,4.05,76.93,25.03,50.06,26.87,0.3493,3,Returned
ORD100801,2023-07-27,2023-07-30,C0336,Nokuthula Ndlovu,Corporate,P1019,Ergonomic Chair,Furniture,Chairs,Eastern Cape,Coastal,Gqeberha,Corporate Account,Card,Collection,2,148.78,0.15,297.56,44.63,252.93,96.81,193.62,59.31,0.2345,3,Not Returned
ORD100802,2023-11-29,2023-11-30,C0406,Precious Ndlovu,Small Business,P1032,Safety Shoes,Apparel,Footwear,Gauteng,Inland,Johannesburg,Online,Mobile Money,Standard,3,44.32,0.0,132.96,0.0,132.96,25.84,77.52,55.44,0.417,1,Not Returned
ORD100803,2025-12-23,2025-12-26,C0021,Farai Dube,Consumer,P1018,Whiteboard Marker Set,Office Supplies,Presentation,Gauteng,Inland,Johannesburg,Online,Card,Standard,3,7.54,0.0,22.62,0.0,22.62,4.26,12.78,9.84,0.435,3,Not Returned
ORD100804,2023-11-06,2023-11-08,C0214,Mpho Sibanda,Small Business,P1029,Cookware Set,Home & Kitchen,Cookware,Mpumalanga,Inland,Middelburg,Online,Card,Express,5,85.48,0.05,427.4,21.37,406.03,47.66,238.3,167.73,0.4131,2,Not Returned
ORD100805,2025-09-08,2025-09-11,C0337,Nomsa Chuma,Consumer,P1030,Dinner Set 16 Piece,Home & Kitchen,Dining,Western Cape,Coastal,Bellville,Retail Store,Cash,Express,2,45.77,0.0,91.54,0.0,91.54,25.78,51.56,39.98,0.4367,3,Not Returned
ORD100806,2024-10-27,2024-10-30,C0048,Thabo Moyo,Consumer,P1016,Stapler Heavy Duty,Office Supplies,Desk Accessories,Northern Cape,Inland,Kimberley,Retail Store,Cash,Collection,3,8.25,0.05,24.75,1.24,23.51,4.56,13.68,9.83,0.4181,3,Not Returned
ORD100807,2023-06-03,2023-06-04,C0174,Nandi Ndlovu,Small Business,P1019,Ergonomic Chair,Furniture,Chairs,Free State,Inland,Welkom,Online,EFT,Standard,1,147.88,0.0,147.88,0.0,147.88,100.51,100.51,47.37,0.3203,1,Not Returned
ORD100808,2024-12-01,2024-12-05,C0409,Kudzai Nkosi,Corporate,P1029,Cookware Set,Home & Kitchen,Cookware,Gauteng,Inland,Midrand,Retail Store,Card,Standard,2,82.11,0.1,164.22,16.42,147.8,51.66,103.32,44.48,0.3009,4,Returned
ORD100809,2025-05-28,2025-05-31,C0265,Nomsa Mthembu,Small Business,P1001,Laptop Pro 14,Technology,Laptops,Western Cape,Coastal,Stellenbosch,Online,Cash,Collection,1,657.35,0.05,657.35,32.87,624.48,439.59,439.59,184.89,0.2961,3,Not Returned
ORD100810,2024-05-21,2024-05-24,C0377,Kabelo Mokoena,Small Business,P1002,Laptop Lite 13,Technology,Laptops,Limpopo,Inland,Tzaneen,Corporate Account,Card,Express,1,488.95,0.0,488.95,0.0,488.95,348.79,348.79,140.16,0.2867,3,Not Returned
ORD100811,2023-07-30,2023-08-04,C0007,Tendai Mokoena,Corporate,P1028,Air Fryer 5L,Home & Kitchen,Appliances,Northern Cape,Inland,Upington,Online,Card,Standard,1,113.19,0.0,113.19,0.0,113.19,73.36,73.36,39.83,0.3519,5,Not Returned
ORD100812,2023-02-06,2023-02-09,C0379,Kabelo Mathebula,Consumer,P1032,Safety Shoes,Apparel,Footwear,Northern Cape,Inland,Kimberley,Online,Card,Express,1,47.3,0.0,47.3,0.0,47.3,29.29,29.29,18.01,0.3808,3,Returned
ORD100813,2024-04-18,2024-04-21,C0451,Precious Sibanda,Consumer,P1034,Laptop Backpack,Apparel,Bags,Western Cape,Coastal,Bellville,Retail Store,Card,Standard,4,30.41,0.1,121.64,12.16,109.48,17.73,70.92,38.56,0.3522,3,Returned
ORD100814,2025-01-14,2025-01-18,C0379,Kabelo Mathebula,Consumer,P1012,Ballpoint Pen Pack,Office Supplies,Paper & Stationery,Northern Cape,Inland,Kimberley,Online,Card,Standard,5,4.37,0.15,21.85,3.28,18.57,1.96,9.8,8.77,0.4723,4,Not Returned
ORD100815,2023-04-17,2023-04-21,C0065,Chipo Sibanda,Consumer,P1001,Laptop Pro 14,Technology,Laptops,Eastern Cape,Coastal,East London,Online,EFT,Standard,1,645.11,0.0,645.11,0.0,645.11,457.03,457.03,188.08,0.2915,4,Not Returned
ORD100816,2024-05-31,2024-06-03,C0467,Sibusiso Khumalo,Corporate,P1034,Laptop Backpack,Apparel,Bags,Western Cape,Coastal,Bellville,Online,Card,Express,2,27.2,0.1,54.4,5.44,48.96,18.27,36.54,12.42,0.2537,3,Not Returned
ORD100817,2023-09-24,2023-09-26,C0370,Sibusiso Patel,Consumer,P1004,Chromebook Edu,Technology,Laptops,Limpopo,Inland,Tzaneen,Corporate Account,EFT,Standard,1,300.28,0.0,300.28,0.0,300.28,212.41,212.41,87.87,0.2926,2,Not Returned
ORD100818,2023-12-12,2023-12-15,C0223,Chipo Nkosi,Corporate,P1007,USB-C Dock,Technology,Accessories,Gauteng,Inland,Pretoria,Corporate Account,Card,Express,1,91.82,0.1,91.82,9.18,82.64,56.55,56.55,26.09,0.3157,3,Not Returned
ORD100819,2023-12-13,2023-12-20,C0273,Sibusiso Moyo,Corporate,P1021,Boardroom Table,Furniture,Tables,KwaZulu-Natal,Coastal,Pietermaritzburg,Online,Cash,Same Day,1,522.44,0.1,522.44,52.24,470.2,299.18,299.18,171.02,0.3637,7,Not Returned
ORD100820,2024-02-18,2024-02-22,C0095,Kabelo Khumalo,Small Business,P1021,Boardroom Table,Furniture,Tables,North West,Inland,Klerksdorp,Online,Cash,Collection,3,476.89,0.0,1430.67,0.0,1430.67,313.37,940.11,490.56,0.3429,4,Not Returned
ORD100821,2024-12-12,2024-12-14,C0022,Mpho Mathebula,Small Business,P1019,Ergonomic Chair,Furniture,Chairs,KwaZulu-Natal,Coastal,Durban,Corporate Account,Card,Standard,3,137.83,0.0,413.49,0.0,413.49,92.27,276.81,136.68,0.3306,2,Not Returned
ORD100822,2025-10-28,2025-11-03,C0102,Lerato Mahlangu,Consumer,P1012,Ballpoint Pen Pack,Office Supplies,Paper & Stationery,Gauteng,Inland,Soweto,Call Centre,Card,Same Day,3,3.73,0.05,11.19,0.56,10.63,2.06,6.18,4.45,0.4186,6,Not Returned
ORD100823,2023-05-05,2023-05-10,C0201,Tendai Mathebula,Consumer,P1014,Ink Cartridge Colour,Office Supplies,Printing,Eastern Cape,Coastal,Gqeberha,Online,EFT,Collection,2,27.57,0.15,55.14,8.27,46.87,18.68,37.36,9.51,0.2029,5,Not Returned
ORD100824,2025-12-10,2025-12-14,C0257,Sipho Mokoena,Consumer,P1031,Corporate Shirt,Apparel,Workwear,Western Cape,Coastal,Bellville,Online,Card,Standard,5,16.96,0.1,84.8,8.48,76.32,6.8,34.0,42.32,0.5545,4,Not Returned
ORD100825,2024-03-22,2024-03-26,C0317,Sibusiso Dube,Consumer,P1002,Laptop Lite 13,Technology,Laptops,Western Cape,Coastal,George,Retail Store,EFT,Express,4,460.08,0.05,1840.32,92.02,1748.3,348.0,1392.0,356.3,0.2038,4,Not Returned
ORD100826,2024-06-14,2024-06-19,C0434,Amina Naidoo,Consumer,P1012,Ballpoint Pen Pack,Office Supplies,Paper & Stationery,KwaZulu-Natal,Coastal,Durban,Retail Store,Card,Standard,3,4.01,0.0,12.03,0.0,12.03,1.88,5.64,6.39,0.5312,5,Not Returned
ORD100827,2024-05-02,2024-05-05,C0309,Thabo Naidoo,Consumer,P1024,Reception Chair,Furniture,Chairs,North West,Inland,Mahikeng,Online,Card,Collection,2,55.1,0.0,110.2,0.0,110.2,37.1,74.2,36.0,0.3267,3,Not Returned
ORD100828,2023-04-16,2023-04-18,C0303,Sibusiso Patel,Corporate,P1004,Chromebook Edu,Technology,Laptops,Gauteng,Inland,Soweto,Online,EFT,Express,1,300.96,0.05,300.96,15.05,285.91,224.68,224.68,61.23,0.2142,2,Not Returned
ORD100829,2025-01-25,2025-01-30,C0319,Kudzai Gumede,Consumer,P1013,Printer Toner Black,Office Supplies,Printing,Limpopo,Inland,Polokwane,Online,Card,Collection,5,63.68,0.2,318.4,63.68,254.72,44.65,223.25,31.47,0.1235,5,Not Returned
ORD100830,2024-08-26,2024-08-29,C0129,Nandi Ndlovu,Corporate,P1006,Keyboard Combo,Technology,Accessories,Free State,Inland,Bloemfontein,Corporate Account,Card,Same Day,1,23.97,0.0,23.97,0.0,23.97,12.62,12.62,11.35,0.4735,3,Not Returned
ORD100831,2023-12-28,2023-12-30,C0429,Kabelo Chuma,Consumer,P1002,Laptop Lite 13,Technology,Laptops,Gauteng,Inland,Soweto,Corporate Account,Mobile Money,Express,1,496.59,0.0,496.59,0.0,496.59,355.0,355.0,141.59,0.2851,2,Not Returned
ORD100832,2025-02-21,2025-02-27,C0313,Rumbidzai Nkosi,Small Business,P1006,Keyboard Combo,Technology,Accessories,KwaZulu-Natal,Coastal,Umhlanga,Retail Store,Card,Standard,3,23.19,0.05,69.57,3.48,66.09,13.22,39.66,26.43,0.3999,6,Not Returned
ORD100833,2024-10-26,2024-11-02,C0475,Nokuthula Williams,Small Business,P1020,Office Desk 1200mm,Furniture,Desks,Gauteng,Inland,Soweto,Corporate Account,Card,Standard,2,189.08,0.05,378.16,18.91,359.25,118.23,236.46,122.79,0.3418,7,Not Returned
ORD100834,2025-06-07,2025-06-10,C0084,Nomsa Mathebula,Small Business,P1013,Printer Toner Black,Office Supplies,Printing,KwaZulu-Natal,Coastal,Pinetown,Online,Card,Collection,1,68.86,0.1,68.86,6.89,61.97,42.92,42.92,19.05,0.3074,3,Not Returned
ORD100835,2024-01-22,2024-01-24,C0392,Nokuthula Naidoo,Consumer,P1027,Toaster 4 Slice,Home & Kitchen,Small Appliances,Eastern Cape,Coastal,East London,Online,Card,Collection,5,40.72,0.1,203.6,20.36,183.24,21.84,109.2,74.04,0.4041,2,Not Returned
ORD100836,2025-03-18,2025-03-23,C0354,Brian Khumalo,Small Business,P1016,Stapler Heavy Duty,Office Supplies,Desk Accessories,Northern Cape,Inland,Upington,Retail Store,Card,Express,10,9.44,0.0,94.4,0.0,94.4,4.42,44.2,50.2,0.5318,5,Not Returned
ORD100837,2023-07-02,2023-07-06,C0195,Sibusiso Mahlangu,Corporate,P1031,Corporate Shirt,Apparel,Workwear,Mpumalanga,Inland,Mbombela,Online,Cash,Express,3,14.9,0.15,44.7,6.71,37.99,7.23,21.69,16.3,0.4291,4,Not Returned
ORD100838,2024-06-05,2024-06-07,C0268,Tendai Williams,Small Business,P1004,Chromebook Edu,Technology,Laptops,Western Cape,Coastal,Bellville,Online,Mobile Money,Same Day,1,295.35,0.1,295.35,29.54,265.81,240.19,240.19,25.62,0.0964,2,Not Returned
ORD100839,2023-08-06,2023-08-09,C0036,Zanele Mahlangu,Corporate,P1033,Reflective Jacket,Apparel,Workwear,Gauteng,Inland,Pretoria,Online,Card,Express,1,20.21,0.0,20.21,0.0,20.21,11.54,11.54,8.67,0.429,3,Not Returned
ORD100840,2025-06-28,2025-07-03,C0499,Kabelo Patel,Corporate,P1024,Reception Chair,Furniture,Chairs,Eastern Cape,Coastal,Gqeberha,Online,EFT,Standard,1,55.01,0.15,55.01,8.25,46.76,39.3,39.3,7.46,0.1595,5,Not Returned
ORD100841,2023-06-14,2023-06-19,C0165,Lerato Mokoena,Consumer,P1010,A4 Copy Paper Box,Office Supplies,Paper & Stationery,Gauteng,Inland,Johannesburg,Corporate Account,Card,Standard,4,26.83,0.0,107.32,0.0,107.32,15.63,62.52,44.8,0.4174,5,Not Returned
ORD100842,2024-12-19,2024-12-25,C0276,Brian Ndlovu,Corporate,P1010,A4 Copy Paper Box,Office Supplies,Paper & Stationery,Northern Cape,Inland,Upington,Online,Cash,Standard,4,24.67,0.15,98.68,14.8,83.88,14.44,57.76,26.12,0.3114,6,Not Returned
ORD100843,2023-08-19,2023-08-20,C0190,Tariro Naidoo,Consumer,P1017,Lever Arch File Pack,Office Supplies,Filing,Western Cape,Coastal,Stellenbosch,Call Centre,Card,Express,10,8.51,0.0,85.1,0.0,85.1,4.23,42.3,42.8,0.5029,1,Not Returned
ORD100844,2023-08-31,2023-09-02,C0163,Sibusiso Ndlovu,Corporate,P1012,Ballpoint Pen Pack,Office Supplies,Paper & Stationery,Gauteng,Inland,Soweto,Online,Card,Standard,10,4.24,0.05,42.4,2.12,40.28,1.94,19.4,20.88,0.5184,2,Not Returned
ORD100845,2024-11-16,2024-11-18,C0027,Brian Khumalo,Consumer,P1017,Lever Arch File Pack,Office Supplies,Filing,Limpopo,Inland,Tzaneen,Retail Store,Card,Collection,1,8.2,0.0,8.2,0.0,8.2,4.01,4.01,4.19,0.511,2,Not Returned
ORD100846,2024-12-14,2024-12-17,C0410,Rumbidzai Mathebula,Corporate,P1019,Ergonomic Chair,Furniture,Chairs,KwaZulu-Natal,Coastal,Umhlanga,Online,Card,Collection,1,121.32,0.15,121.32,18.2,103.12,98.58,98.58,4.54,0.044,3,Not Returned
ORD100847,2023-06-06,2023-06-09,C0201,Tendai Mathebula,Consumer,P1028,Air Fryer 5L,Home & Kitchen,Appliances,Eastern Cape,Coastal,Gqeberha,Corporate Account,Card,Standard,2,107.81,0.05,215.62,10.78,204.84,72.69,145.38,59.46,0.2903,3,Not Returned
ORD100848,2025-07-03,2025-07-07,C0448,Thabo Dube,Small Business,P1011,Premium Notebook,Office Supplies,Paper & Stationery,Eastern Cape,Coastal,East London,Online,Card,Express,2,5.42,0.0,10.84,0.0,10.84,2.46,4.92,5.92,0.5461,4,Not Returned
ORD100849,2023-07-24,2023-07-29,C0201,Tendai Mathebula,Consumer,P1035,Rain Jacket,Apparel,Outerwear,Eastern Cape,Coastal,Gqeberha,Retail Store,EFT,Same Day,3,33.41,0.0,100.23,0.0,100.23,18.15,54.45,45.78,0.4567,5,Not Returned
ORD100850,2024-07-19,2024-07-24,C0112,Nomsa Mabena,Consumer,P1023,Bookshelf 5 Tier,Furniture,Storage,KwaZulu-Natal,Coastal,Umhlanga,Retail Store,EFT,Collection,1,89.57,0.2,89.57,17.91,71.66,50.39,50.39,21.27,0.2968,5,Not Returned
ORD100851,2025-12-06,2025-12-09,C0304,Brian Mathebula,Consumer,P1014,Ink Cartridge Colour,Office Supplies,Printing,Western Cape,Coastal,Cape Town,Corporate Account,Cash,Standard,10,29.18,0.0,291.8,0.0,291.8,18.88,188.8,103.0,0.353,3,Not Returned
ORD100852,2024-06-17,2024-06-20,C0484,Nomsa Maseko,Corporate,P1009,HDMI Cable,Technology,Accessories,Limpopo,Inland,Polokwane,Call Centre,Card,Standard,1,6.17,0.0,6.17,0.0,6.17,3.08,3.08,3.09,0.5008,3,Not Returned
ORD100853,2023-10-13,2023-10-15,C0308,Nokuthula Mthembu,Small Business,P1004,Chromebook Edu,Technology,Laptops,KwaZulu-Natal,Coastal,Umhlanga,Call Centre,Mobile Money,Standard,1,304.77,0.0,304.77,0.0,304.77,225.51,225.51,79.26,0.2601,2,Not Returned
ORD100854,2023-07-16,2023-07-18,C0405,Sibusiso Nkosi,Consumer,P1031,Corporate Shirt,Apparel,Workwear,Limpopo,Inland,Thohoyandou,Retail Store,EFT,Standard,2,14.82,0.05,29.64,1.48,28.16,6.58,13.16,15.0,0.5327,2,Not Returned
ORD100855,2023-04-21,2023-04-26,C0189,Nandi Patel,Small Business,P1008,External SSD 1TB,Technology,Storage,Eastern Cape,Coastal,East London,Corporate Account,Cash,Standard,1,80.64,0.0,80.64,0.0,80.64,47.14,47.14,33.5,0.4154,5,Returned
ORD100856,2023-07-10,2023-07-13,C0162,Farai Mabena,Small Business,P1022,Filing Cabinet 4 Drawer,Furniture,Storage,KwaZulu-Natal,Coastal,Pinetown,Online,Cash,Standard,2,116.45,0.1,232.9,23.29,209.61,69.08,138.16,71.45,0.3409,3,Not Returned
ORD100857,2023-10-14,2023-10-15,C0066,Mpho Maseko,Small Business,P1005,Wireless Mouse,Technology,Accessories,Gauteng,Inland,Midrand,Online,Card,Collection,2,10.17,0.0,20.34,0.0,20.34,5.0,10.0,10.34,0.5084,1,Not Returned
ORD100858,2023-01-28,2023-02-07,C0476,Thabo Mokoena,Small Business,P1018,Whiteboard Marker Set,Office Supplies,Presentation,Gauteng,Inland,Pretoria,Online,Cash,Standard,4,8.12,0.2,32.48,6.5,25.98,3.74,14.96,11.02,0.4242,10,Not Returned
ORD100859,2023-01-23,2023-01-29,C0231,Blessing Maseko,Consumer,P1024,Reception Chair,Furniture,Chairs,Gauteng,Inland,Midrand,Retail Store,Cash,Standard,1,54.61,0.0,54.61,0.0,54.61,37.88,37.88,16.73,0.3064,6,Not Returned
ORD100860,2025-10-24,2025-10-27,C0461,Lerato Khumalo,Consumer,P1029,Cookware Set,Home & Kitchen,Cookware,Gauteng,Inland,Johannesburg,Online,Card,Standard,1,76.51,0.1,76.51,7.65,68.86,52.06,52.06,16.8,0.244,3,Not Returned
ORD100861,2023-09-14,2023-09-15,C0012,Sipho Sibanda,Consumer,P1008,External SSD 1TB,Technology,Storage,Western Cape,Coastal,Bellville,Online,Cash,Same Day,1,71.48,0.0,71.48,0.0,71.48,46.54,46.54,24.94,0.3489,1,Returned
ORD100862,2023-06-08,2023-06-10,C0209,Thabo Maseko,Consumer,P1017,Lever Arch File Pack,Office Supplies,Filing,Gauteng,Inland,Soweto,Retail Store,Cash,Standard,3,7.68,0.0,23.04,0.0,23.04,3.73,11.19,11.85,0.5143,2,Not Returned
ORD100863,2025-01-30,2025-02-05,C0413,Blessing Naidoo,Small Business,P1021,Boardroom Table,Furniture,Tables,Gauteng,Inland,Midrand,Online,EFT,Collection,3,401.84,0.0,1205.52,0.0,1205.52,316.91,950.73,254.79,0.2114,6,Not Returned
ORD100864,2023-02-27,2023-03-06,C0361,Amina Nkosi,Consumer,P1019,Ergonomic Chair,Furniture,Chairs,Gauteng,Inland,Soweto,Online,Card,Collection,1,135.81,0.0,135.81,0.0,135.81,90.98,90.98,44.83,0.3301,7,Not Returned
ORD100865,2024-01-20,2024-01-22,C0214,Mpho Sibanda,Small Business,P1013,Printer Toner Black,Office Supplies,Printing,Mpumalanga,Inland,Middelburg,Online,Mobile Money,Express,4,66.23,0.0,264.92,0.0,264.92,42.44,169.76,95.16,0.3592,2,Returned
ORD100866,2023-11-12,2023-11-13,C0374,Nandi Maseko,Consumer,P1028,Air Fryer 5L,Home & Kitchen,Appliances,Western Cape,Coastal,Cape Town,Online,Card,Standard,4,112.17,0.0,448.68,0.0,448.68,71.63,286.52,162.16,0.3614,1,Returned
ORD100867,2024-02-04,2024-02-05,C0252,Precious Maseko,Corporate,P1008,External SSD 1TB,Technology,Storage,Western Cape,Coastal,George,Online,EFT,Standard,4,77.64,0.0,310.56,0.0,310.56,47.21,188.84,121.72,0.3919,1,Not Returned
ORD100868,2023-07-04,2023-07-10,C0345,Blessing Patel,Consumer,P1032,Safety Shoes,Apparel,Footwear,Gauteng,Inland,Johannesburg,Retail Store,Cash,Standard,1,49.24,0.15,49.24,7.39,41.85,27.07,27.07,14.78,0.3532,6,Not Returned
ORD100869,2023-11-07,2023-11-13,C0176,Amina Dube,Small Business,P1013,Printer Toner Black,Office Supplies,Printing,Eastern Cape,Coastal,East London,Call Centre,Card,Standard,5,64.36,0.0,321.8,0.0,321.8,44.37,221.85,99.95,0.3106,6,Not Returned
ORD100870,2023-10-16,2023-10-19,C0500,Nandi Moyo,Corporate,P1017,Lever Arch File Pack,Office Supplies,Filing,Gauteng,Inland,Soweto,Retail Store,EFT,Collection,2,8.45,0.0,16.9,0.0,16.9,3.64,7.28,9.62,0.5692,3,Not Returned
ORD100871,2024-11-30,2024-12-04,C0393,Blessing Maseko,Corporate,P1019,Ergonomic Chair,Furniture,Chairs,Mpumalanga,Inland,Mbombela,Retail Store,Mobile Money,Standard,1,145.3,0.1,145.3,14.53,130.77,87.52,87.52,43.25,0.3307,4,Not Returned
ORD100872,2025-03-04,2025-03-09,C0163,Sibusiso Ndlovu,Corporate,P1005,Wireless Mouse,Technology,Accessories,Gauteng,Inland,Soweto,Online,EFT,Standard,2,10.1,0.0,20.2,0.0,20.2,4.76,9.52,10.68,0.5287,5,Returned
ORD100873,2025-11-11,2025-11-14,C0132,Tendai Sibanda,Consumer,P1014,Ink Cartridge Colour,Office Supplies,Printing,Gauteng,Inland,Midrand,Online,Card,Standard,2,29.31,0.0,58.62,0.0,58.62,18.91,37.82,20.8,0.3548,3,Not Returned
ORD100874,2025-11-14,2025-11-17,C0278,Nandi Chuma,Consumer,P1003,Business Laptop 15,Technology,Laptops,Western Cape,Coastal,George,Online,Cash,Standard,3,613.5,0.0,1840.5,0.0,1840.5,409.79,1229.37,611.13,0.332,3,Not Returned
ORD100875,2025-08-27,2025-09-06,C0418,Nandi Nkosi,Consumer,P1035,Rain Jacket,Apparel,Outerwear,North West,Inland,Klerksdorp,Call Centre,Mobile Money,Same Day,2,34.55,0.05,69.1,3.46,65.64,20.94,41.88,23.76,0.362,10,Not Returned
ORD100876,2024-11-22,2024-11-24,C0092,Nandi Mabena,Consumer,P1019,Ergonomic Chair,Furniture,Chairs,North West,Inland,Mahikeng,Retail Store,Card,Standard,1,147.43,0.1,147.43,14.74,132.69,98.27,98.27,34.42,0.2594,2,Not Returned
ORD100877,2024-10-04,2024-10-05,C0115,Nokuthula Gumede,Consumer,P1013,Printer Toner Black,Office Supplies,Printing,Free State,Inland,Sasolburg,Online,Cash,Express,2,69.04,0.0,138.08,0.0,138.08,41.5,83.0,55.08,0.3989,1,Not Returned
ORD100878,2023-04-27,2023-04-29,C0240,Tendai Mthembu,Corporate,P1033,Reflective Jacket,Apparel,Workwear,Gauteng,Inland,Midrand,Online,Cash,Standard,2,19.47,0.0,38.94,0.0,38.94,11.52,23.04,15.9,0.4083,2,Not Returned
ORD100879,2023-11-21,2023-11-23,C0089,Amina Sibanda,Consumer,P1026,Kettle Stainless Steel,Home & Kitchen,Small Appliances,Gauteng,Inland,Pretoria,Corporate Account,EFT,Standard,1,25.41,0.05,25.41,1.27,24.14,13.23,13.23,10.91,0.4519,2,Not Returned
ORD100880,2025-08-17,2025-08-21,C0337,Nomsa Chuma,Consumer,P1034,Laptop Backpack,Apparel,Bags,Western Cape,Coastal,Bellville,Online,Cash,Collection,2,29.12,0.0,58.24,0.0,58.24,17.36,34.72,23.52,0.4038,4,Not Returned
ORD100881,2025-03-23,2025-03-28,C0378,Sibusiso Patel,Corporate,P1013,Printer Toner Black,Office Supplies,Printing,Western Cape,Coastal,Bellville,Online,Mobile Money,Standard,1,70.05,0.0,70.05,0.0,70.05,42.05,42.05,28.0,0.3997,5,Not Returned
ORD100882,2023-12-05,2023-12-09,C0292,Amina Mokoena,Consumer,P1015,Desk Organiser,Office Supplies,Desk Accessories,Gauteng,Inland,Soweto,Online,Card,Express,2,13.11,0.0,26.22,0.0,26.22,6.84,13.68,12.54,0.4783,4,Not Returned
ORD100883,2024-11-26,2024-11-29,C0325,Kabelo Ndlovu,Corporate,P1005,Wireless Mouse,Technology,Accessories,Gauteng,Inland,Soweto,Corporate Account,Mobile Money,Express,1,9.73,0.0,9.73,0.0,9.73,4.84,4.84,4.89,0.5026,3,Returned
ORD100884,2024-07-06,2024-07-13,C0335,Nokuthula Ndlovu,Corporate,P1005,Wireless Mouse,Technology,Accessories,Gauteng,Inland,Midrand,Online,Card,Collection,1,9.36,0.0,9.36,0.0,9.36,4.99,4.99,4.37,0.4669,7,Not Returned
ORD100885,2025-07-13,2025-07-20,C0440,Farai Khumalo,Small Business,P1017,Lever Arch File Pack,Office Supplies,Filing,Northern Cape,Inland,Upington,Online,Cash,Standard,1,8.15,0.1,8.15,0.82,7.33,4.26,4.26,3.07,0.4188,7,Not Returned
ORD100886,2025-05-27,2025-05-31,C0465,Lerato Khumalo,Consumer,P1014,Ink Cartridge Colour,Office Supplies,Printing,Gauteng,Inland,Midrand,Online,Card,Standard,3,29.15,0.1,87.45,8.75,78.7,18.67,56.01,22.69,0.2883,4,Not Returned
ORD100887,2023-11-26,2023-11-29,C0288,Chipo Williams,Consumer,P1035,Rain Jacket,Apparel,Outerwear,Free State,Inland,Bloemfontein,Retail Store,Cash,Express,2,34.4,0.15,68.8,10.32,58.48,20.95,41.9,16.58,0.2835,3,Not Returned
ORD100888,2024-07-11,2024-07-16,C0215,Sibusiso Moyo,Corporate,P1024,Reception Chair,Furniture,Chairs,Eastern Cape,Coastal,Mthatha,Corporate Account,Cash,Standard,2,57.16,0.0,114.32,0.0,114.32,33.6,67.2,47.12,0.4122,5,Not Returned
ORD100889,2023-11-05,2023-11-10,C0327,Lerato Mabena,Consumer,P1023,Bookshelf 5 Tier,Furniture,Storage,Northern Cape,Inland,Upington,Online,Cash,Express,3,75.6,0.15,226.8,34.02,192.78,52.08,156.24,36.54,0.1895,5,Not Returned
ORD100890,2024-06-22,2024-06-25,C0238,Kudzai Chuma,Small Business,P1007,USB-C Dock,Technology,Accessories,KwaZulu-Natal,Coastal,Pietermaritzburg,Corporate Account,EFT,Express,1,88.56,0.05,88.56,4.43,84.13,53.45,53.45,30.68,0.3647,3,Not Returned
ORD100891,2024-07-23,2024-07-28,C0493,Blessing Naidoo,Consumer,P1026,Kettle Stainless Steel,Home & Kitchen,Small Appliances,Eastern Cape,Coastal,Mthatha,Retail Store,Card,Standard,4,22.85,0.1,91.4,9.14,82.26,12.93,51.72,30.54,0.3713,5,Not Returned
ORD100892,2024-01-27,2024-01-30,C0302,Brian Moyo,Consumer,P1008,External SSD 1TB,Technology,Storage,KwaZulu-Natal,Coastal,Pinetown,Online,Card,Standard,2,75.72,0.05,151.44,7.57,143.87,49.1,98.2,45.67,0.3174,3,Not Returned
ORD100893,2023-09-13,2023-09-18,C0127,Nokuthula Dube,Corporate,P1024,Reception Chair,Furniture,Chairs,Western Cape,Coastal,Bellville,Online,Cash,Standard,3,56.06,0.05,168.18,8.41,159.77,35.81,107.43,52.34,0.3276,5,Not Returned
ORD100894,2024-07-28,2024-08-01,C0445,Amina Gumede,Small Business,P1016,Stapler Heavy Duty,Office Supplies,Desk Accessories,Gauteng,Inland,Midrand,Retail Store,EFT,Standard,3,8.6,0.05,25.8,1.29,24.51,4.73,14.19,10.32,0.4211,4,Not Returned
ORD100895,2025-06-14,2025-06-16,C0074,Sipho Williams,Consumer,P1028,Air Fryer 5L,Home & Kitchen,Appliances,Mpumalanga,Inland,Emalahleni,Corporate Account,Card,Standard,3,99.74,0.0,299.22,0.0,299.22,73.64,220.92,78.3,0.2617,2,Not Returned
ORD100896,2025-06-19,2025-06-24,C0428,Thabo Maseko,Consumer,P1032,Safety Shoes,Apparel,Footwear,Western Cape,Coastal,Bellville,Corporate Account,EFT,Standard,2,42.61,0.1,85.22,8.52,76.7,24.2,48.4,28.3,0.369,5,Not Returned
ORD100897,2025-06-28,2025-07-01,C0152,Thabo Naidoo,Small Business,P1014,Ink Cartridge Colour,Office Supplies,Printing,Limpopo,Inland,Tzaneen,Corporate Account,Card,Collection,4,29.38,0.0,117.52,0.0,117.52,17.78,71.12,46.4,0.3948,3,Not Returned
ORD100898,2023-12-16,2023-12-18,C0102,Lerato Mahlangu,Consumer,P1002,Laptop Lite 13,Technology,Laptops,Gauteng,Inland,Soweto,Online,Cash,Express,1,511.08,0.1,511.08,51.11,459.97,335.28,335.28,124.69,0.2711,2,Not Returned
ORD100899,2023-11-29,2023-12-03,C0347,Mpho Patel,Consumer,P1012,Ballpoint Pen Pack,Office Supplies,Paper & Stationery,Free State,Inland,Bloemfontein,Retail Store,Card,Collection,1,4.16,0.05,4.16,0.21,3.95,2.12,2.12,1.83,0.4633,4,Not Returned
ORD100900,2025-04-29,2025-05-04,C0130,Zanele Naidoo,Corporate,P1010,A4 Copy Paper Box,Office Supplies,Paper & Stationery,Gauteng,Inland,Pretoria,Online,Card,Collection,10,22.21,0.1,222.1,22.21,199.89,15.52,155.2,44.69,0.2236,5,Not Returned
ORD100901,2025-11-28,2025-11-29,C0453,Amina Mthembu,Consumer,P1027,Toaster 4 Slice,Home & Kitchen,Small Appliances,Western Cape,Coastal,Bellville,Call Centre,Mobile Money,Standard,4,37.2,0.1,148.8,14.88,133.92,22.29,89.16,44.76,0.3342,1,Not Returned
ORD100902,2023-12-07,2023-12-11,C0103,Kudzai Dube,Small Business,P1009,HDMI Cable,Technology,Accessories,Gauteng,Inland,Soweto,Online,EFT,Same Day,1,6.42,0.0,6.42,0.0,6.42,2.99,2.99,3.43,0.5343,4,Not Returned
ORD100903,2023-12-22,2023-12-28,C0475,Nokuthula Williams,Small Business,P1018,Whiteboard Marker Set,Office Supplies,Presentation,Gauteng,Inland,Soweto,Online,Cash,Standard,1,8.26,0.0,8.26,0.0,8.26,4.07,4.07,4.19,0.5073,6,Not Returned
ORD100904,2023-08-31,2023-09-03,C0391,Nomsa Ndlovu,Corporate,P1006,Keyboard Combo,Technology,Accessories,Northern Cape,Inland,Kimberley,Retail Store,Card,Express,1,24.45,0.1,24.45,2.45,22.0,13.96,13.96,8.04,0.3655,3,Not Returned
ORD100905,2023-06-04,2023-06-06,C0012,Sipho Sibanda,Consumer,P1027,Toaster 4 Slice,Home & Kitchen,Small Appliances,Western Cape,Coastal,Bellville,Retail Store,Card,Express,1,37.79,0.05,37.79,1.89,35.9,22.78,22.78,13.12,0.3655,2,Not Returned
ORD100906,2023-06-11,2023-06-17,C0003,Nokuthula Mathebula,Corporate,P1020,Office Desk 1200mm,Furniture,Desks,KwaZulu-Natal,Coastal,Pinetown,Call Centre,EFT,Collection,2,195.68,0.1,391.36,39.14,352.22,128.57,257.14,95.08,0.2699,6,Not Returned
ORD100907,2024-01-18,2024-01-25,C0279,Sipho Mokoena,Small Business,P1013,Printer Toner Black,Office Supplies,Printing,Western Cape,Coastal,Bellville,Retail Store,Card,Collection,3,62.63,0.0,187.89,0.0,187.89,44.64,133.92,53.97,0.2872,7,Not Returned
ORD100908,2025-02-13,2025-02-17,C0254,Nokuthula Patel,Consumer,P1011,Premium Notebook,Office Supplies,Paper & Stationery,Gauteng,Inland,Johannesburg,Call Centre,EFT,Express,3,4.65,0.0,13.95,0.0,13.95,2.53,7.59,6.36,0.4559,4,Not Returned
ORD100909,2023-06-14,2023-06-18,C0123,Amina Nkosi,Consumer,P1032,Safety Shoes,Apparel,Footwear,Gauteng,Inland,Soweto,Online,Card,Collection,5,45.96,0.1,229.8,22.98,206.82,27.21,136.05,70.77,0.3422,4,Not Returned
ORD100910,2024-03-01,2024-03-05,C0383,Zanele Maseko,Consumer,P1019,Ergonomic Chair,Furniture,Chairs,Gauteng,Inland,Johannesburg,Online,Mobile Money,Standard,1,154.71,0.05,154.71,7.74,146.97,100.73,100.73,46.24,0.3146,4,Returned
ORD100911,2025-05-09,2025-05-12,C0179,Precious Naidoo,Small Business,P1033,Reflective Jacket,Apparel,Workwear,Gauteng,Inland,Midrand,Corporate Account,Card,Standard,2,20.29,0.0,40.58,0.0,40.58,10.08,20.16,20.42,0.5032,3,Not Returned
ORD100912,2024-01-01,2024-01-06,C0430,Blessing Naidoo,Consumer,P1008,External SSD 1TB,Technology,Storage,Gauteng,Inland,Midrand,Online,Card,Standard,1,74.43,0.05,74.43,3.72,70.71,46.41,46.41,24.3,0.3437,5,Not Returned
ORD100913,2023-11-16,2023-11-19,C0363,Nandi Moyo,Consumer,P1008,External SSD 1TB,Technology,Storage,Western Cape,Coastal,Bellville,Online,EFT,Standard,1,66.11,0.15,66.11,9.92,56.19,49.44,49.44,6.75,0.1201,3,Returned
ORD100914,2023-07-04,2023-07-11,C0242,Kudzai Mathebula,Consumer,P1034,Laptop Backpack,Apparel,Bags,KwaZulu-Natal,Coastal,Durban,Retail Store,Mobile Money,Standard,2,32.13,0.0,64.26,0.0,64.26,16.42,32.84,31.42,0.489,7,Not Returned
ORD100915,2024-06-15,2024-06-18,C0451,Precious Sibanda,Consumer,P1032,Safety Shoes,Apparel,Footwear,Western Cape,Coastal,Bellville,Retail Store,Cash,Standard,1,49.44,0.0,49.44,0.0,49.44,27.39,27.39,22.05,0.446,3,Not Returned
ORD100916,2025-03-30,2025-04-01,C0327,Lerato Mabena,Consumer,P1027,Toaster 4 Slice,Home & Kitchen,Small Appliances,Northern Cape,Inland,Upington,Corporate Account,Cash,Same Day,5,43.45,0.0,217.25,0.0,217.25,23.35,116.75,100.5,0.4626,2,Not Returned
ORD100917,2023-07-30,2023-08-02,C0294,Nomsa Maseko,Corporate,P1033,Reflective Jacket,Apparel,Workwear,KwaZulu-Natal,Coastal,Pinetown,Corporate Account,Mobile Money,Standard,2,19.41,0.0,38.82,0.0,38.82,11.28,22.56,16.26,0.4189,3,Not Returned
ORD100918,2025-07-02,2025-07-05,C0104,Nandi Moyo,Small Business,P1004,Chromebook Edu,Technology,Laptops,KwaZulu-Natal,Coastal,Pinetown,Retail Store,EFT,Standard,2,301.12,0.0,602.24,0.0,602.24,217.96,435.92,166.32,0.2762,3,Not Returned
ORD100919,2024-12-23,2024-12-24,C0033,Brian Sibanda,Small Business,P1009,HDMI Cable,Technology,Accessories,Mpumalanga,Inland,Mbombela,Online,Card,Standard,1,5.97,0.1,5.97,0.6,5.37,2.93,2.93,2.44,0.4544,1,Returned
ORD100920,2025-04-19,2025-04-21,C0095,Kabelo Khumalo,Small Business,P1029,Cookware Set,Home & Kitchen,Cookware,North West,Inland,Klerksdorp,Call Centre,Card,Standard,2,78.71,0.05,157.42,7.87,149.55,48.9,97.8,51.75,0.346,2,Not Returned
ORD100921,2024-01-04,2024-01-08,C0481,Tariro Ndlovu,Small Business,P1005,Wireless Mouse,Technology,Accessories,Limpopo,Inland,Polokwane,Online,Card,Standard,1,9.59,0.0,9.59,0.0,9.59,4.94,4.94,4.65,0.4849,4,Not Returned
ORD100922,2023-10-25,2023-10-27,C0306,Sibusiso Khumalo,Small Business,P1032,Safety Shoes,Apparel,Footwear,Gauteng,Inland,Johannesburg,Online,Card,Standard,3,45.76,0.05,137.28,6.86,130.42,28.1,84.3,46.12,0.3536,2,Not Returned
ORD100923,2024-10-20,2024-10-23,C0339,Amina Mathebula,Consumer,P1035,Rain Jacket,Apparel,Outerwear,Western Cape,Coastal,Stellenbosch,Retail Store,EFT,Standard,3,33.51,0.05,100.53,5.03,95.5,17.73,53.19,42.31,0.443,3,Not Returned
ORD100924,2024-07-23,2024-07-26,C0362,Nokuthula Mokoena,Small Business,P1011,Premium Notebook,Office Supplies,Paper & Stationery,North West,Inland,Mahikeng,Retail Store,EFT,Express,2,5.26,0.05,10.52,0.53,9.99,2.5,5.0,4.99,0.4995,3,Not Returned
ORD100925,2025-06-10,2025-06-14,C0140,Sipho Gumede,Corporate,P1012,Ballpoint Pen Pack,Office Supplies,Paper & Stationery,KwaZulu-Natal,Coastal,Durban,Corporate Account,EFT,Same Day,2,4.22,0.05,8.44,0.42,8.02,1.97,3.94,4.08,0.5087,4,Not Returned
ORD100926,2023-12-22,2023-12-25,C0162,Farai Mabena,Small Business,P1017,Lever Arch File Pack,Office Supplies,Filing,KwaZulu-Natal,Coastal,Pinetown,Online,Card,Standard,1,8.66,0.0,8.66,0.0,8.66,3.74,3.74,4.92,0.5681,3,Not Returned
ORD100927,2023-01-10,2023-01-14,C0124,Brian Mokoena,Consumer,P1033,Reflective Jacket,Apparel,Workwear,Northern Cape,Inland,Upington,Online,Mobile Money,Collection,5,18.78,0.05,93.9,4.7,89.2,11.09,55.45,33.75,0.3784,4,Not Returned
ORD100928,2023-03-22,2023-03-27,C0445,Amina Gumede,Small Business,P1016,Stapler Heavy Duty,Office Supplies,Desk Accessories,Gauteng,Inland,Midrand,Corporate Account,Card,Standard,2,9.18,0.1,18.36,1.84,16.52,4.65,9.3,7.22,0.437,5,Not Returned
ORD100929,2024-10-11,2024-10-15,C0236,Thabo Khumalo,Small Business,P1023,Bookshelf 5 Tier,Furniture,Storage,KwaZulu-Natal,Coastal,Pinetown,Online,EFT,Standard,1,79.94,0.1,79.94,7.99,71.95,52.63,52.63,19.32,0.2685,4,Not Returned
ORD100930,2025-07-19,2025-07-24,C0473,Precious Dube,Corporate,P1031,Corporate Shirt,Apparel,Workwear,Gauteng,Inland,Soweto,Online,EFT,Standard,3,15.12,0.1,45.36,4.54,40.82,6.84,20.52,20.3,0.4973,5,Not Returned
ORD100931,2023-04-08,2023-04-11,C0049,Sibusiso Mahlangu,Corporate,P1014,Ink Cartridge Colour,Office Supplies,Printing,Gauteng,Inland,Soweto,Corporate Account,Cash,Standard,2,29.2,0.0,58.4,0.0,58.4,19.09,38.18,20.22,0.3462,3,Not Returned
ORD100932,2025-11-09,2025-11-12,C0182,Kabelo Moyo,Consumer,P1014,Ink Cartridge Colour,Office Supplies,Printing,Gauteng,Inland,Soweto,Online,Mobile Money,Standard,1,29.48,0.05,29.48,1.47,28.01,18.73,18.73,9.28,0.3313,3,Not Returned
ORD100933,2023-04-09,2023-04-12,C0087,Precious Nkosi,Corporate,P1010,A4 Copy Paper Box,Office Supplies,Paper & Stationery,Gauteng,Inland,Johannesburg,Retail Store,Cash,Standard,3,26.97,0.15,80.91,12.14,68.77,14.87,44.61,24.16,0.3513,3,Not Returned
ORD100934,2023-12-15,2023-12-17,C0260,Nandi Mokoena,Consumer,P1025,Microwave 30L,Home & Kitchen,Appliances,Gauteng,Inland,Midrand,Online,Card,Express,2,93.83,0.1,187.66,18.77,168.89,65.95,131.9,36.99,0.219,2,Not Returned
ORD100935,2025-04-26,2025-04-28,C0490,Tendai Ndlovu,Consumer,P1016,Stapler Heavy Duty,Office Supplies,Desk Accessories,Mpumalanga,Inland,Emalahleni,Online,Card,Standard,10,8.41,0.15,84.1,12.61,71.49,4.76,47.6,23.89,0.3342,2,Not Returned
ORD100936,2024-07-28,2024-07-30,C0359,Zanele Khumalo,Corporate,P1014,Ink Cartridge Colour,Office Supplies,Printing,KwaZulu-Natal,Coastal,Pinetown,Online,Card,Standard,2,31.83,0.15,63.66,9.55,54.11,19.59,39.18,14.93,0.2759,2,Not Returned
ORD100937,2024-05-11,2024-05-13,C0093,Kabelo Gumede,Corporate,P1010,A4 Copy Paper Box,Office Supplies,Paper & Stationery,Free State,Inland,Sasolburg,Online,Mobile Money,Standard,4,24.8,0.05,99.2,4.96,94.24,15.04,60.16,34.08,0.3616,2,Not Returned
ORD100938,2023-01-27,2023-01-30,C0291,Kabelo Mthembu,Corporate,P1006,Keyboard Combo,Technology,Accessories,Free State,Inland,Bloemfontein,Retail Store,Card,Collection,1,25.75,0.05,25.75,1.29,24.46,12.74,12.74,11.72,0.4791,3,Not Returned
ORD100939,2025-12-16,2025-12-22,C0125,Brian Dube,Small Business,P1033,Reflective Jacket,Apparel,Workwear,Western Cape,Coastal,Cape Town,Retail Store,EFT,Collection,1,21.38,0.0,21.38,0.0,21.38,10.66,10.66,10.72,0.5014,6,Not Returned
ORD100940,2023-08-05,2023-08-09,C0397,Kabelo Sibanda,Corporate,P1032,Safety Shoes,Apparel,Footwear,Mpumalanga,Inland,Emalahleni,Call Centre,Cash,Standard,2,42.73,0.0,85.46,0.0,85.46,27.81,55.62,29.84,0.3492,4,Not Returned
ORD100941,2024-11-25,2024-11-28,C0440,Farai Khumalo,Small Business,P1021,Boardroom Table,Furniture,Tables,Northern Cape,Inland,Upington,Corporate Account,EFT,Standard,1,446.47,0.0,446.47,0.0,446.47,304.77,304.77,141.7,0.3174,3,Not Returned
ORD100942,2023-08-08,2023-08-09,C0089,Amina Sibanda,Consumer,P1007,USB-C Dock,Technology,Accessories,Gauteng,Inland,Pretoria,Online,Card,Express,2,93.59,0.0,187.18,0.0,187.18,56.16,112.32,74.86,0.3999,1,Not Returned
ORD100943,2025-07-16,2025-07-20,C0164,Thabo Gumede,Small Business,P1031,Corporate Shirt,Apparel,Workwear,Free State,Inland,Sasolburg,Online,Card,Standard,2,15.77,0.05,31.54,1.58,29.96,7.0,14.0,15.96,0.5327,4,Not Returned
ORD100944,2025-06-01,2025-06-05,C0151,Nokuthula Mokoena,Corporate,P1012,Ballpoint Pen Pack,Office Supplies,Paper & Stationery,Western Cape,Coastal,Bellville,Online,EFT,Express,1,4.04,0.05,4.04,0.2,3.84,2.0,2.0,1.84,0.4792,4,Not Returned
ORD100945,2024-07-21,2024-07-24,C0020,Mpho Moyo,Corporate,P1007,USB-C Dock,Technology,Accessories,Gauteng,Inland,Soweto,Retail Store,EFT,Standard,3,88.16,0.1,264.48,26.45,238.03,57.54,172.62,65.41,0.2748,3,Not Returned
ORD100946,2023-04-13,2023-04-19,C0213,Brian Sibanda,Small Business,P1030,Dinner Set 16 Piece,Home & Kitchen,Dining,Western Cape,Coastal,George,Corporate Account,EFT,Standard,2,36.06,0.15,72.12,10.82,61.3,23.51,47.02,14.28,0.233,6,Not Returned
ORD100947,2025-07-18,2025-07-22,C0392,Nokuthula Naidoo,Consumer,P1006,Keyboard Combo,Technology,Accessories,Eastern Cape,Coastal,East London,Online,Card,Collection,1,23.91,0.0,23.91,0.0,23.91,13.59,13.59,10.32,0.4316,4,Not Returned
ORD100948,2024-07-03,2024-07-07,C0353,Tariro Khumalo,Small Business,P1028,Air Fryer 5L,Home & Kitchen,Appliances,Gauteng,Inland,Midrand,Retail Store,Cash,Standard,2,107.37,0.1,214.74,21.47,193.27,73.93,147.86,45.41,0.235,4,Not Returned
ORD100949,2024-12-09,2024-12-13,C0315,Nomsa Gumede,Consumer,P1005,Wireless Mouse,Technology,Accessories,Gauteng,Inland,Pretoria,Online,EFT,Standard,1,10.01,0.0,10.01,0.0,10.01,5.1,5.1,4.91,0.4905,4,Not Returned
ORD100950,2024-11-11,2024-11-14,C0314,Nokuthula Mabena,Consumer,P1025,Microwave 30L,Home & Kitchen,Appliances,Gauteng,Inland,Johannesburg,Retail Store,Card,Same Day,4,89.58,0.0,358.32,0.0,358.32,62.45,249.8,108.52,0.3029,3,Not Returned
ORD100951,2025-06-17,2025-06-20,C0393,Blessing Maseko,Corporate,P1011,Premium Notebook,Office Supplies,Paper & Stationery,Mpumalanga,Inland,Mbombela,Retail Store,Card,Standard,4,4.54,0.0,18.16,0.0,18.16,2.48,9.92,8.24,0.4537,3,Not Returned
ORD100952,2023-02-05,2023-02-08,C0107,Sibusiso Gumede,Corporate,P1030,Dinner Set 16 Piece,Home & Kitchen,Dining,Gauteng,Inland,Soweto,Retail Store,Cash,Collection,5,38.65,0.15,193.25,28.99,164.26,23.94,119.7,44.56,0.2713,3,Not Returned
ORD100953,2023-07-24,2023-07-27,C0365,Lerato Williams,Consumer,P1002,Laptop Lite 13,Technology,Laptops,Gauteng,Inland,Pretoria,Retail Store,Mobile Money,Standard,2,497.17,0.0,994.34,0.0,994.34,344.83,689.66,304.68,0.3064,3,Not Returned
ORD100954,2025-09-23,2025-09-25,C0035,Lerato Ndlovu,Consumer,P1035,Rain Jacket,Apparel,Outerwear,Western Cape,Coastal,Cape Town,Online,Card,Standard,1,35.79,0.05,35.79,1.79,34.0,19.11,19.11,14.89,0.4379,2,Not Returned
ORD100955,2023-06-19,2023-06-22,C0416,Rumbidzai Khumalo,Consumer,P1001,Laptop Pro 14,Technology,Laptops,Mpumalanga,Inland,Middelburg,Call Centre,Card,Standard,1,695.12,0.0,695.12,0.0,695.12,473.94,473.94,221.18,0.3182,3,Not Returned
ORD100956,2025-06-01,2025-06-05,C0310,Chipo Maseko,Corporate,P1026,Kettle Stainless Steel,Home & Kitchen,Small Appliances,Gauteng,Inland,Pretoria,Call Centre,EFT,Same Day,2,25.29,0.15,50.58,7.59,42.99,13.86,27.72,15.27,0.3552,4,Not Returned
ORD100957,2025-07-09,2025-07-12,C0281,Zanele Ndlovu,Small Business,P1025,Microwave 30L,Home & Kitchen,Appliances,Limpopo,Inland,Tzaneen,Corporate Account,Card,Standard,2,77.86,0.0,155.72,0.0,155.72,65.46,130.92,24.8,0.1593,3,Not Returned
ORD100958,2025-05-04,2025-05-11,C0350,Sipho Gumede,Corporate,P1029,Cookware Set,Home & Kitchen,Cookware,Limpopo,Inland,Tzaneen,Retail Store,Cash,Collection,1,71.19,0.0,71.19,0.0,71.19,51.21,51.21,19.98,0.2807,7,Not Returned
ORD100959,2023-09-09,2023-09-12,C0112,Nomsa Mabena,Consumer,P1016,Stapler Heavy Duty,Office Supplies,Desk Accessories,KwaZulu-Natal,Coastal,Umhlanga,Corporate Account,Card,Same Day,10,9.06,0.0,90.6,0.0,90.6,4.39,43.9,46.7,0.5155,3,Not Returned
ORD100960,2025-10-18,2025-10-20,C0293,Kabelo Ndlovu,Corporate,P1027,Toaster 4 Slice,Home & Kitchen,Small Appliances,Eastern Cape,Coastal,East London,Retail Store,Card,Express,2,34.11,0.0,68.22,0.0,68.22,23.07,46.14,22.08,0.3237,2,Not Returned
ORD100961,2023-11-30,2023-12-02,C0184,Nokuthula Nkosi,Consumer,P1009,HDMI Cable,Technology,Accessories,Limpopo,Inland,Thohoyandou,Online,Card,Standard,1,6.29,0.1,6.29,0.63,5.66,2.78,2.78,2.88,0.5088,2,Not Returned
ORD100962,2023-11-01,2023-11-02,C0381,Kabelo Sibanda,Consumer,P1001,Laptop Pro 14,Technology,Laptops,Western Cape,Coastal,George,Online,Card,Standard,2,665.94,0.0,1331.88,0.0,1331.88,469.46,938.92,392.96,0.295,1,Not Returned
ORD100963,2024-08-03,2024-08-06,C0136,Lerato Mokoena,Corporate,P1027,Toaster 4 Slice,Home & Kitchen,Small Appliances,Eastern Cape,Coastal,East London,Retail Store,Mobile Money,Express,3,38.74,0.05,116.22,5.81,110.41,21.34,64.02,46.39,0.4202,3,Not Returned
ORD100964,2023-10-20,2023-10-23,C0400,Farai Gumede,Consumer,P1004,Chromebook Edu,Technology,Laptops,Limpopo,Inland,Thohoyandou,Online,Card,Standard,1,344.06,0.0,344.06,0.0,344.06,223.64,223.64,120.42,0.35,3,Not Returned
ORD100965,2024-12-27,2024-12-31,C0241,Tendai Mthembu,Small Business,P1015,Desk Organiser,Office Supplies,Desk Accessories,Gauteng,Inland,Johannesburg,Online,Mobile Money,Collection,4,13.22,0.05,52.88,2.64,50.24,7.0,28.0,22.24,0.4427,4,Not Returned
ORD100966,2024-09-10,2024-09-13,C0006,Thabo Mabena,Consumer,P1002,Laptop Lite 13,Technology,Laptops,Mpumalanga,Inland,Middelburg,Corporate Account,Cash,Standard,2,477.37,0.0,954.74,0.0,954.74,336.08,672.16,282.58,0.296,3,Not Returned
ORD100967,2024-02-13,2024-02-16,C0075,Zanele Gumede,Small Business,P1024,Reception Chair,Furniture,Chairs,KwaZulu-Natal,Coastal,Umhlanga,Online,Card,Collection,2,63.06,0.05,126.12,6.31,119.81,35.89,71.78,48.03,0.4009,3,Not Returned
ORD100968,2025-08-02,2025-08-05,C0098,Farai Mahlangu,Consumer,P1022,Filing Cabinet 4 Drawer,Furniture,Storage,Western Cape,Coastal,Stellenbosch,Retail Store,Card,Standard,2,104.03,0.0,208.06,0.0,208.06,67.01,134.02,74.04,0.3559,3,Not Returned
ORD100969,2024-10-03,2024-10-05,C0159,Lerato Mokoena,Consumer,P1009,HDMI Cable,Technology,Accessories,North West,Inland,Rustenburg,Online,Card,Same Day,1,6.06,0.0,6.06,0.0,6.06,3.26,3.26,2.8,0.462,2,Not Returned
ORD100970,2024-06-24,2024-07-01,C0265,Nomsa Mthembu,Small Business,P1034,Laptop Backpack,Apparel,Bags,Western Cape,Coastal,Stellenbosch,Corporate Account,Cash,Express,2,31.9,0.05,63.8,3.19,60.61,17.14,34.28,26.33,0.4344,7,Not Returned
ORD100971,2023-11-07,2023-11-12,C0291,Kabelo Mthembu,Corporate,P1006,Keyboard Combo,Technology,Accessories,Free State,Inland,Bloemfontein,Online,Card,Collection,1,23.87,0.05,23.87,1.19,22.68,12.54,12.54,10.14,0.4471,5,Not Returned
ORD100972,2025-11-26,2025-12-02,C0418,Nandi Nkosi,Consumer,P1011,Premium Notebook,Office Supplies,Paper & Stationery,North West,Inland,Klerksdorp,Corporate Account,EFT,Standard,2,4.77,0.1,9.54,0.95,8.59,2.38,4.76,3.83,0.4459,6,Returned
ORD100973,2023-07-19,2023-07-26,C0415,Tendai Maseko,Consumer,P1011,Premium Notebook,Office Supplies,Paper & Stationery,Western Cape,Coastal,Stellenbosch,Corporate Account,Card,Express,2,5.09,0.05,10.18,0.51,9.67,2.3,4.6,5.07,0.5243,7,Not Returned
ORD100974,2025-11-12,2025-11-14,C0170,Sibusiso Khumalo,Consumer,P1019,Ergonomic Chair,Furniture,Chairs,North West,Inland,Klerksdorp,Online,Cash,Standard,2,131.31,0.0,262.62,0.0,262.62,90.36,180.72,81.9,0.3119,2,Not Returned
ORD100975,2024-04-02,2024-04-05,C0027,Brian Khumalo,Consumer,P1001,Laptop Pro 14,Technology,Laptops,Limpopo,Inland,Tzaneen,Retail Store,Cash,Collection,1,654.62,0.15,654.62,98.19,556.43,450.87,450.87,105.56,0.1897,3,Not Returned
ORD100976,2025-09-20,2025-09-23,C0372,Amina Mathebula,Consumer,P1015,Desk Organiser,Office Supplies,Desk Accessories,KwaZulu-Natal,Coastal,Pinetown,Online,Cash,Standard,2,13.23,0.0,26.46,0.0,26.46,7.01,14.02,12.44,0.4701,3,Returned
ORD100977,2023-12-04,2023-12-08,C0142,Tariro Nkosi,Consumer,P1005,Wireless Mouse,Technology,Accessories,North West,Inland,Klerksdorp,Online,Card,Standard,2,9.53,0.05,19.06,0.95,18.11,5.04,10.08,8.03,0.4434,4,Not Returned
ORD100978,2024-01-12,2024-01-13,C0180,Chipo Chuma,Small Business,P1004,Chromebook Edu,Technology,Laptops,Western Cape,Coastal,Cape Town,Corporate Account,EFT,Collection,2,284.21,0.1,568.42,56.84,511.58,230.12,460.24,51.34,0.1004,1,Not Returned
ORD100979,2023-09-10,2023-09-11,C0049,Sibusiso Mahlangu,Corporate,P1023,Bookshelf 5 Tier,Furniture,Storage,Gauteng,Inland,Soweto,Corporate Account,EFT,Standard,3,77.43,0.0,232.29,0.0,232.29,53.55,160.65,71.64,0.3084,1,Not Returned
ORD100980,2024-02-15,2024-02-22,C0159,Lerato Mokoena,Consumer,P1006,Keyboard Combo,Technology,Accessories,North West,Inland,Rustenburg,Call Centre,EFT,Express,1,23.18,0.05,23.18,1.16,22.02,12.42,12.42,9.6,0.436,7,Not Returned
ORD100981,2025-03-12,2025-03-16,C0032,Brian Mahlangu,Corporate,P1031,Corporate Shirt,Apparel,Workwear,Free State,Inland,Sasolburg,Corporate Account,Card,Standard,1,15.05,0.0,15.05,0.0,15.05,6.78,6.78,8.27,0.5495,4,Not Returned
ORD100982,2023-09-04,2023-09-07,C0165,Lerato Mokoena,Consumer,P1024,Reception Chair,Furniture,Chairs,Gauteng,Inland,Johannesburg,Retail Store,Mobile Money,Express,2,55.96,0.0,111.92,0.0,111.92,34.21,68.42,43.5,0.3887,3,Not Returned
ORD100983,2023-03-29,2023-04-08,C0009,Zanele Maseko,Consumer,P1022,Filing Cabinet 4 Drawer,Furniture,Storage,Gauteng,Inland,Soweto,Retail Store,Card,Same Day,4,104.88,0.0,419.52,0.0,419.52,71.02,284.08,135.44,0.3228,10,Not Returned
ORD100984,2025-01-02,2025-01-05,C0367,Sibusiso Nkosi,Small Business,P1028,Air Fryer 5L,Home & Kitchen,Appliances,Mpumalanga,Inland,Mbombela,Corporate Account,EFT,Standard,1,119.03,0.1,119.03,11.9,107.13,73.1,73.1,34.03,0.3177,3,Not Returned
ORD100985,2023-12-24,2023-12-30,C0271,Lerato Williams,Consumer,P1003,Business Laptop 15,Technology,Laptops,Gauteng,Inland,Pretoria,Online,Cash,Collection,1,558.48,0.0,558.48,0.0,558.48,437.9,437.9,120.58,0.2159,6,Not Returned
ORD100986,2024-07-24,2024-07-28,C0269,Brian Mokoena,Corporate,P1005,Wireless Mouse,Technology,Accessories,Limpopo,Inland,Polokwane,Online,Cash,Standard,1,8.97,0.1,8.97,0.9,8.07,4.82,4.82,3.25,0.4027,4,Not Returned
ORD100987,2025-08-24,2025-08-29,C0431,Sibusiso Mathebula,Consumer,P1020,Office Desk 1200mm,Furniture,Desks,Gauteng,Inland,Soweto,Retail Store,EFT,Standard,1,182.25,0.0,182.25,0.0,182.25,133.65,133.65,48.6,0.2667,5,Not Returned
ORD100988,2024-10-25,2024-10-30,C0252,Precious Maseko,Corporate,P1030,Dinner Set 16 Piece,Home & Kitchen,Dining,Western Cape,Coastal,George,Corporate Account,Card,Standard,3,44.73,0.15,134.19,20.13,114.06,25.54,76.62,37.44,0.3282,5,Not Returned
ORD100989,2023-11-22,2023-11-24,C0352,Nandi Sibanda,Corporate,P1010,A4 Copy Paper Box,Office Supplies,Paper & Stationery,Free State,Inland,Bloemfontein,Retail Store,Card,Standard,4,22.51,0.05,90.04,4.5,85.54,15.3,61.2,24.34,0.2845,2,Not Returned
ORD100990,2024-07-19,2024-07-22,C0009,Zanele Maseko,Consumer,P1013,Printer Toner Black,Office Supplies,Printing,Gauteng,Inland,Soweto,Online,Card,Standard,3,65.66,0.05,196.98,9.85,187.13,45.68,137.04,50.09,0.2677,3,Not Returned
ORD100991,2023-05-30,2023-06-02,C0392,Nokuthula Naidoo,Consumer,P1029,Cookware Set,Home & Kitchen,Cookware,Eastern Cape,Coastal,East London,Online,Card,Standard,1,78.78,0.0,78.78,0.0,78.78,46.84,46.84,31.94,0.4054,3,Not Returned
ORD100992,2025-07-09,2025-07-11,C0379,Kabelo Mathebula,Consumer,P1028,Air Fryer 5L,Home & Kitchen,Appliances,Northern Cape,Inland,Kimberley,Online,EFT,Express,2,101.45,0.0,202.9,0.0,202.9,70.53,141.06,61.84,0.3048,2,Not Returned
ORD100993,2024-07-25,2024-07-27,C0244,Nomsa Dube,Small Business,P1001,Laptop Pro 14,Technology,Laptops,Mpumalanga,Inland,Middelburg,Online,EFT,Express,3,695.47,0.0,2086.41,0.0,2086.41,482.43,1447.29,639.12,0.3063,2,Not Returned
ORD100994,2023-07-01,2023-07-06,C0137,Sibusiso Nkosi,Consumer,P1031,Corporate Shirt,Apparel,Workwear,KwaZulu-Natal,Coastal,Pinetown,Retail Store,Card,Standard,4,15.61,0.05,62.44,3.12,59.32,7.08,28.32,31.0,0.5226,5,Not Returned
ORD100995,2025-12-17,2025-12-23,C0154,Nandi Nkosi,Small Business,P1015,Desk Organiser,Office Supplies,Desk Accessories,Western Cape,Coastal,Stellenbosch,Retail Store,Card,Express,3,12.53,0.0,37.59,0.0,37.59,7.59,22.77,14.82,0.3943,6,Not Returned
ORD100996,2023-10-10,2023-10-11,C0240,Tendai Mthembu,Corporate,P1025,Microwave 30L,Home & Kitchen,Appliances,Gauteng,Inland,Midrand,Corporate Account,EFT,Standard,3,94.29,0.0,282.87,0.0,282.87,61.94,185.82,97.05,0.3431,1,Not Returned
ORD100997,2025-11-25,2025-11-29,C0136,Lerato Mokoena,Corporate,P1026,Kettle Stainless Steel,Home & Kitchen,Small Appliances,Eastern Cape,Coastal,East London,Retail Store,Card,Standard,1,25.43,0.0,25.43,0.0,25.43,14.36,14.36,11.07,0.4353,4,Not Returned
ORD100998,2024-08-16,2024-08-18,C0174,Nandi Ndlovu,Small Business,P1023,Bookshelf 5 Tier,Furniture,Storage,Free State,Inland,Welkom,Online,Cash,Same Day,1,85.4,0.0,85.4,0.0,85.4,56.28,56.28,29.12,0.341,2,Not Returned
ORD100999,2023-06-03,2023-06-05,C0417,Farai Dube,Small Business,P1014,Ink Cartridge Colour,Office Supplies,Printing,North West,Inland,Rustenburg,Retail Store,Card,Express,3,30.28,0.05,90.84,4.54,86.3,19.13,57.39,28.91,0.335,2,Not Returned
ORD101000,2023-08-16,2023-08-17,C0203,Thabo Chuma,Corporate,P1005,Wireless Mouse,Technology,Accessories,Gauteng,Inland,Soweto,Retail Store,Card,Standard,1,9.76,0.05,9.76,0.49,9.27,4.88,4.88,4.39,0.4736,1,Not Returned
